ISO-10303-21;
HEADER;
FILE_DESCRIPTION(('KiCad electronic assembly'),'2;1');
FILE_NAME('CAN hub 2.step','2026-03-18T17:41:56',('Pcbnew'),('Kicad'),
  'Open CASCADE STEP processor 7.9','KiCad to STEP converter','Unknown'
  );
FILE_SCHEMA(('AUTOMOTIVE_DESIGN { 1 0 10303 214 1 1 1 1 }'));
ENDSEC;
DATA;
#1 = APPLICATION_PROTOCOL_DEFINITION('international standard',
  'automotive_design',2000,#2);
#2 = APPLICATION_CONTEXT(
  'core data for automotive mechanical design processes');
#3 = SHAPE_DEFINITION_REPRESENTATION(#4,#10);
#4 = PRODUCT_DEFINITION_SHAPE('','',#5);
#5 = PRODUCT_DEFINITION('design','',#6,#9);
#6 = PRODUCT_DEFINITION_FORMATION('','',#7);
#7 = PRODUCT('CAN hub 2 1','CAN hub 2 1','',(#8));
#8 = PRODUCT_CONTEXT('',#2,'mechanical');
#9 = PRODUCT_DEFINITION_CONTEXT('part definition',#2,'design');
#10 = SHAPE_REPRESENTATION('',(#11,#15,#19,#23),#27);
#11 = AXIS2_PLACEMENT_3D('',#12,#13,#14);
#12 = CARTESIAN_POINT('',(0.,0.,0.));
#13 = DIRECTION('',(0.,0.,1.));
#14 = DIRECTION('',(1.,0.,-0.));
#15 = AXIS2_PLACEMENT_3D('',#16,#17,#18);
#16 = CARTESIAN_POINT('',(53.8,-37.,1.595));
#17 = DIRECTION('',(0.,0.,1.));
#18 = DIRECTION('',(1.,0.,0.));
#19 = AXIS2_PLACEMENT_3D('',#20,#21,#22);
#20 = CARTESIAN_POINT('',(53.8,-28.8,1.595));
#21 = DIRECTION('',(0.,0.,1.));
#22 = DIRECTION('',(1.,0.,0.));
#23 = AXIS2_PLACEMENT_3D('',#24,#25,#26);
#24 = CARTESIAN_POINT('',(0.,0.,0.));
#25 = DIRECTION('',(0.,0.,1.));
#26 = DIRECTION('',(1.,0.,-0.));
#27 = ( GEOMETRIC_REPRESENTATION_CONTEXT(3) 
GLOBAL_UNCERTAINTY_ASSIGNED_CONTEXT((#31)) GLOBAL_UNIT_ASSIGNED_CONTEXT(
(#28,#29,#30)) REPRESENTATION_CONTEXT('Context #1',
  '3D Context with UNIT and UNCERTAINTY') );
#28 = ( LENGTH_UNIT() NAMED_UNIT(*) SI_UNIT(.MILLI.,.METRE.) );
#29 = ( NAMED_UNIT(*) PLANE_ANGLE_UNIT() SI_UNIT($,.RADIAN.) );
#30 = ( NAMED_UNIT(*) SI_UNIT($,.STERADIAN.) SOLID_ANGLE_UNIT() );
#31 = UNCERTAINTY_MEASURE_WITH_UNIT(LENGTH_MEASURE(1.E-07),#28,
  'distance_accuracy_value','confusion accuracy');
#32 = PRODUCT_RELATED_PRODUCT_CATEGORY('part',$,(#7));
#33 = SHAPE_DEFINITION_REPRESENTATION(#34,#40);
#34 = PRODUCT_DEFINITION_SHAPE('','',#35);
#35 = PRODUCT_DEFINITION('design','',#36,#39);
#36 = PRODUCT_DEFINITION_FORMATION('','',#37);
#37 = PRODUCT('JST_XH_B2B-XH-A_1x02_P2.50mm_Vertical',
  'JST_XH_B2B-XH-A_1x02_P2.50mm_Vertical','',(#38));
#38 = PRODUCT_CONTEXT('',#2,'mechanical');
#39 = PRODUCT_DEFINITION_CONTEXT('part definition',#2,'design');
#40 = ADVANCED_BREP_SHAPE_REPRESENTATION('',(#11,#41),#2756);
#41 = MANIFOLD_SOLID_BREP('',#42);
#42 = CLOSED_SHELL('',(#43,#115,#154,#178,#243,#267,#355,#379,#444,#469,
    #518,#535,#559,#576,#714,#738,#908,#932,#965,#989,#1020,#1037,#1070,
    #1094,#1125,#1137,#1170,#1187,#1204,#1216,#1296,#1313,#1330,#1347,
    #1364,#1381,#1398,#1415,#1432,#1449,#1466,#1478,#1495,#1512,#1558,
    #1604,#1635,#1659,#1683,#1700,#1731,#1755,#1779,#1796,#1859,#1883,
    #1939,#1956,#2019,#2043,#2099,#2116,#2147,#2171,#2195,#2212,#2243,
    #2267,#2291,#2308,#2355,#2386,#2398,#2415,#2441,#2474,#2521,#2552,
    #2564,#2581,#2607,#2640,#2652,#2664,#2681,#2698,#2710,#2727,#2744));
#43 = ADVANCED_FACE('',(#44),#110,.T.);
#44 = FACE_BOUND('',#45,.T.);
#45 = EDGE_LOOP('',(#46,#56,#64,#72,#80,#88,#96,#104));
#46 = ORIENTED_EDGE('',*,*,#47,.T.);
#47 = EDGE_CURVE('',#48,#50,#52,.T.);
#48 = VERTEX_POINT('',#49);
#49 = CARTESIAN_POINT('',(-1.8,0.5,7.));
#50 = VERTEX_POINT('',#51);
#51 = CARTESIAN_POINT('',(-2.45,0.5,7.));
#52 = LINE('',#53,#54);
#53 = CARTESIAN_POINT('',(4.95,0.5,7.));
#54 = VECTOR('',#55,1.);
#55 = DIRECTION('',(-1.,1.224646799147E-16,0.));
#56 = ORIENTED_EDGE('',*,*,#57,.T.);
#57 = EDGE_CURVE('',#50,#58,#60,.T.);
#58 = VERTEX_POINT('',#59);
#59 = CARTESIAN_POINT('',(-2.45,-3.4,7.));
#60 = LINE('',#61,#62);
#61 = CARTESIAN_POINT('',(-2.45,2.35,7.));
#62 = VECTOR('',#63,1.);
#63 = DIRECTION('',(-1.224646799147E-16,-1.,0.));
#64 = ORIENTED_EDGE('',*,*,#65,.T.);
#65 = EDGE_CURVE('',#58,#66,#68,.T.);
#66 = VERTEX_POINT('',#67);
#67 = CARTESIAN_POINT('',(4.95,-3.4,7.));
#68 = LINE('',#69,#70);
#69 = CARTESIAN_POINT('',(-2.45,-3.4,7.));
#70 = VECTOR('',#71,1.);
#71 = DIRECTION('',(1.,-1.224646799147E-16,0.));
#72 = ORIENTED_EDGE('',*,*,#73,.T.);
#73 = EDGE_CURVE('',#66,#74,#76,.T.);
#74 = VERTEX_POINT('',#75);
#75 = CARTESIAN_POINT('',(4.95,0.5,7.));
#76 = LINE('',#77,#78);
#77 = CARTESIAN_POINT('',(4.95,-3.4,7.));
#78 = VECTOR('',#79,1.);
#79 = DIRECTION('',(1.224646799147E-16,1.,0.));
#80 = ORIENTED_EDGE('',*,*,#81,.T.);
#81 = EDGE_CURVE('',#74,#82,#84,.T.);
#82 = VERTEX_POINT('',#83);
#83 = CARTESIAN_POINT('',(4.3,0.5,7.));
#84 = LINE('',#85,#86);
#85 = CARTESIAN_POINT('',(4.95,0.5,7.));
#86 = VECTOR('',#87,1.);
#87 = DIRECTION('',(-1.,1.224646799147E-16,0.));
#88 = ORIENTED_EDGE('',*,*,#89,.F.);
#89 = EDGE_CURVE('',#90,#82,#92,.T.);
#90 = VERTEX_POINT('',#91);
#91 = CARTESIAN_POINT('',(4.3,-2.85,7.));
#92 = LINE('',#93,#94);
#93 = CARTESIAN_POINT('',(4.3,-2.65,7.));
#94 = VECTOR('',#95,1.);
#95 = DIRECTION('',(1.224646799147E-16,1.,0.));
#96 = ORIENTED_EDGE('',*,*,#97,.F.);
#97 = EDGE_CURVE('',#98,#90,#100,.T.);
#98 = VERTEX_POINT('',#99);
#99 = CARTESIAN_POINT('',(-1.8,-2.85,7.));
#100 = LINE('',#101,#102);
#101 = CARTESIAN_POINT('',(-1.6,-2.85,7.));
#102 = VECTOR('',#103,1.);
#103 = DIRECTION('',(1.,-1.224646799147E-16,0.));
#104 = ORIENTED_EDGE('',*,*,#105,.F.);
#105 = EDGE_CURVE('',#48,#98,#106,.T.);
#106 = LINE('',#107,#108);
#107 = CARTESIAN_POINT('',(-1.8,0.5,7.));
#108 = VECTOR('',#109,1.);
#109 = DIRECTION('',(-1.224646799147E-16,-1.,0.));
#110 = PLANE('',#111);
#111 = AXIS2_PLACEMENT_3D('',#112,#113,#114);
#112 = CARTESIAN_POINT('',(1.25,-0.525,7.));
#113 = DIRECTION('',(0.,0.,1.));
#114 = DIRECTION('',(-1.,1.224646799147E-16,0.));
#115 = ADVANCED_FACE('',(#116),#149,.T.);
#116 = FACE_BOUND('',#117,.T.);
#117 = EDGE_LOOP('',(#118,#128,#136,#142,#143));
#118 = ORIENTED_EDGE('',*,*,#119,.T.);
#119 = EDGE_CURVE('',#120,#122,#124,.T.);
#120 = VERTEX_POINT('',#121);
#121 = CARTESIAN_POINT('',(-1.6,0.5,6.8));
#122 = VERTEX_POINT('',#123);
#123 = CARTESIAN_POINT('',(-1.6,0.5,3.65));
#124 = LINE('',#125,#126);
#125 = CARTESIAN_POINT('',(-1.6,0.5,5.325));
#126 = VECTOR('',#127,1.);
#127 = DIRECTION('',(-0.,0.,-1.));
#128 = ORIENTED_EDGE('',*,*,#129,.T.);
#129 = EDGE_CURVE('',#122,#130,#132,.T.);
#130 = VERTEX_POINT('',#131);
#131 = CARTESIAN_POINT('',(-2.45,0.5,3.65));
#132 = LINE('',#133,#134);
#133 = CARTESIAN_POINT('',(4.95,0.5,3.65));
#134 = VECTOR('',#135,1.);
#135 = DIRECTION('',(-1.,1.224646799147E-16,0.));
#136 = ORIENTED_EDGE('',*,*,#137,.T.);
#137 = EDGE_CURVE('',#130,#50,#138,.T.);
#138 = LINE('',#139,#140);
#139 = CARTESIAN_POINT('',(-2.45,0.5,1.825));
#140 = VECTOR('',#141,1.);
#141 = DIRECTION('',(0.,0.,1.));
#142 = ORIENTED_EDGE('',*,*,#47,.F.);
#143 = ORIENTED_EDGE('',*,*,#144,.T.);
#144 = EDGE_CURVE('',#48,#120,#145,.T.);
#145 = LINE('',#146,#147);
#146 = CARTESIAN_POINT('',(0.775,0.5,4.425));
#147 = VECTOR('',#148,1.);
#148 = DIRECTION('',(0.707106781187,-8.659560562349E-17,-0.707106781187)
  );
#149 = PLANE('',#150);
#150 = AXIS2_PLACEMENT_3D('',#151,#152,#153);
#151 = CARTESIAN_POINT('',(4.95,0.5,3.65));
#152 = DIRECTION('',(1.224646799147E-16,1.,0.));
#153 = DIRECTION('',(0.,-0.,1.));
#154 = ADVANCED_FACE('',(#155),#173,.F.);
#155 = FACE_BOUND('',#156,.T.);
#156 = EDGE_LOOP('',(#157,#158,#159,#167));
#157 = ORIENTED_EDGE('',*,*,#144,.F.);
#158 = ORIENTED_EDGE('',*,*,#105,.T.);
#159 = ORIENTED_EDGE('',*,*,#160,.T.);
#160 = EDGE_CURVE('',#98,#161,#163,.T.);
#161 = VERTEX_POINT('',#162);
#162 = CARTESIAN_POINT('',(-1.6,-2.65,6.8));
#163 = LINE('',#164,#165);
#164 = CARTESIAN_POINT('',(-1.141666666667,-2.191666666667,
    6.341666666667));
#165 = VECTOR('',#166,1.);
#166 = DIRECTION('',(0.57735026919,0.57735026919,-0.57735026919));
#167 = ORIENTED_EDGE('',*,*,#168,.F.);
#168 = EDGE_CURVE('',#120,#161,#169,.T.);
#169 = LINE('',#170,#171);
#170 = CARTESIAN_POINT('',(-1.6,0.5,6.8));
#171 = VECTOR('',#172,1.);
#172 = DIRECTION('',(-1.224646799147E-16,-1.,0.));
#173 = PLANE('',#174);
#174 = AXIS2_PLACEMENT_3D('',#175,#176,#177);
#175 = CARTESIAN_POINT('',(-1.7,0.5,6.9));
#176 = DIRECTION('',(-0.707106781187,8.659560562349E-17,-0.707106781187)
  );
#177 = DIRECTION('',(1.224646799147E-16,1.,-2.105272540809E-29));
#178 = ADVANCED_FACE('',(#179),#238,.F.);
#179 = FACE_BOUND('',#180,.F.);
#180 = EDGE_LOOP('',(#181,#191,#199,#207,#215,#224,#230,#231,#232));
#181 = ORIENTED_EDGE('',*,*,#182,.F.);
#182 = EDGE_CURVE('',#183,#185,#187,.T.);
#183 = VERTEX_POINT('',#184);
#184 = CARTESIAN_POINT('',(-2.45,2.35,0.));
#185 = VERTEX_POINT('',#186);
#186 = CARTESIAN_POINT('',(-2.45,-3.4,0.));
#187 = LINE('',#188,#189);
#188 = CARTESIAN_POINT('',(-2.45,2.35,0.));
#189 = VECTOR('',#190,1.);
#190 = DIRECTION('',(-1.224646799147E-16,-1.,0.));
#191 = ORIENTED_EDGE('',*,*,#192,.T.);
#192 = EDGE_CURVE('',#183,#193,#195,.T.);
#193 = VERTEX_POINT('',#194);
#194 = CARTESIAN_POINT('',(-2.45,2.35,7.));
#195 = LINE('',#196,#197);
#196 = CARTESIAN_POINT('',(-2.45,2.35,0.));
#197 = VECTOR('',#198,1.);
#198 = DIRECTION('',(0.,0.,1.));
#199 = ORIENTED_EDGE('',*,*,#200,.T.);
#200 = EDGE_CURVE('',#193,#201,#203,.T.);
#201 = VERTEX_POINT('',#202);
#202 = CARTESIAN_POINT('',(-2.45,1.5,7.));
#203 = LINE('',#204,#205);
#204 = CARTESIAN_POINT('',(-2.45,2.35,7.));
#205 = VECTOR('',#206,1.);
#206 = DIRECTION('',(-1.224646799147E-16,-1.,0.));
#207 = ORIENTED_EDGE('',*,*,#208,.T.);
#208 = EDGE_CURVE('',#201,#209,#211,.T.);
#209 = VERTEX_POINT('',#210);
#210 = CARTESIAN_POINT('',(-2.45,1.5,4.15));
#211 = LINE('',#212,#213);
#212 = CARTESIAN_POINT('',(-2.45,1.5,3.5));
#213 = VECTOR('',#214,1.);
#214 = DIRECTION('',(-0.,0.,-1.));
#215 = ORIENTED_EDGE('',*,*,#216,.F.);
#216 = EDGE_CURVE('',#217,#209,#219,.T.);
#217 = VERTEX_POINT('',#218);
#218 = CARTESIAN_POINT('',(-2.45,1.,3.65));
#219 = CIRCLE('',#220,0.5);
#220 = AXIS2_PLACEMENT_3D('',#221,#222,#223);
#221 = CARTESIAN_POINT('',(-2.45,1.,4.15));
#222 = DIRECTION('',(1.,-1.224646799147E-16,0.));
#223 = DIRECTION('',(1.224646799147E-16,1.,0.));
#224 = ORIENTED_EDGE('',*,*,#225,.T.);
#225 = EDGE_CURVE('',#217,#130,#226,.T.);
#226 = LINE('',#227,#228);
#227 = CARTESIAN_POINT('',(-2.45,1.675,3.65));
#228 = VECTOR('',#229,1.);
#229 = DIRECTION('',(-1.224646799147E-16,-1.,0.));
#230 = ORIENTED_EDGE('',*,*,#137,.T.);
#231 = ORIENTED_EDGE('',*,*,#57,.T.);
#232 = ORIENTED_EDGE('',*,*,#233,.F.);
#233 = EDGE_CURVE('',#185,#58,#234,.T.);
#234 = LINE('',#235,#236);
#235 = CARTESIAN_POINT('',(-2.45,-3.4,0.));
#236 = VECTOR('',#237,1.);
#237 = DIRECTION('',(0.,0.,1.));
#238 = PLANE('',#239);
#239 = AXIS2_PLACEMENT_3D('',#240,#241,#242);
#240 = CARTESIAN_POINT('',(-2.45,2.35,0.));
#241 = DIRECTION('',(1.,-1.224646799147E-16,0.));
#242 = DIRECTION('',(-1.224646799147E-16,-1.,0.));
#243 = ADVANCED_FACE('',(#244),#262,.F.);
#244 = FACE_BOUND('',#245,.T.);
#245 = EDGE_LOOP('',(#246,#247,#248,#256));
#246 = ORIENTED_EDGE('',*,*,#160,.F.);
#247 = ORIENTED_EDGE('',*,*,#97,.T.);
#248 = ORIENTED_EDGE('',*,*,#249,.T.);
#249 = EDGE_CURVE('',#90,#250,#252,.T.);
#250 = VERTEX_POINT('',#251);
#251 = CARTESIAN_POINT('',(4.1,-2.65,6.8));
#252 = LINE('',#253,#254);
#253 = CARTESIAN_POINT('',(3.216666666667,-1.766666666667,5.916666666667
    ));
#254 = VECTOR('',#255,1.);
#255 = DIRECTION('',(-0.57735026919,0.57735026919,-0.57735026919));
#256 = ORIENTED_EDGE('',*,*,#257,.F.);
#257 = EDGE_CURVE('',#161,#250,#258,.T.);
#258 = LINE('',#259,#260);
#259 = CARTESIAN_POINT('',(-1.6,-2.65,6.8));
#260 = VECTOR('',#261,1.);
#261 = DIRECTION('',(1.,-1.224646799147E-16,0.));
#262 = PLANE('',#263);
#263 = AXIS2_PLACEMENT_3D('',#264,#265,#266);
#264 = CARTESIAN_POINT('',(-1.6,-2.75,6.9));
#265 = DIRECTION('',(-8.659560562349E-17,-0.707106781187,-0.707106781187
    ));
#266 = DIRECTION('',(-1.,1.224646799147E-16,-2.105272540809E-29));
#267 = ADVANCED_FACE('',(#268),#350,.F.);
#268 = FACE_BOUND('',#269,.F.);
#269 = EDGE_LOOP('',(#270,#278,#279,#280,#288,#296,#304,#312,#320,#328,
    #336,#344));
#270 = ORIENTED_EDGE('',*,*,#271,.F.);
#271 = EDGE_CURVE('',#185,#272,#274,.T.);
#272 = VERTEX_POINT('',#273);
#273 = CARTESIAN_POINT('',(-0.75,-3.4,0.));
#274 = LINE('',#275,#276);
#275 = CARTESIAN_POINT('',(-2.45,-3.4,0.));
#276 = VECTOR('',#277,1.);
#277 = DIRECTION('',(1.,-1.224646799147E-16,0.));
#278 = ORIENTED_EDGE('',*,*,#233,.T.);
#279 = ORIENTED_EDGE('',*,*,#65,.T.);
#280 = ORIENTED_EDGE('',*,*,#281,.F.);
#281 = EDGE_CURVE('',#282,#66,#284,.T.);
#282 = VERTEX_POINT('',#283);
#283 = CARTESIAN_POINT('',(4.95,-3.4,0.));
#284 = LINE('',#285,#286);
#285 = CARTESIAN_POINT('',(4.95,-3.4,0.));
#286 = VECTOR('',#287,1.);
#287 = DIRECTION('',(0.,0.,1.));
#288 = ORIENTED_EDGE('',*,*,#289,.F.);
#289 = EDGE_CURVE('',#290,#282,#292,.T.);
#290 = VERTEX_POINT('',#291);
#291 = CARTESIAN_POINT('',(3.25,-3.4,0.));
#292 = LINE('',#293,#294);
#293 = CARTESIAN_POINT('',(-2.45,-3.4,0.));
#294 = VECTOR('',#295,1.);
#295 = DIRECTION('',(1.,-1.224646799147E-16,0.));
#296 = ORIENTED_EDGE('',*,*,#297,.F.);
#297 = EDGE_CURVE('',#298,#290,#300,.T.);
#298 = VERTEX_POINT('',#299);
#299 = CARTESIAN_POINT('',(3.25,-3.4,1.));
#300 = LINE('',#301,#302);
#301 = CARTESIAN_POINT('',(3.25,-3.4,1.));
#302 = VECTOR('',#303,1.);
#303 = DIRECTION('',(-0.,0.,-1.));
#304 = ORIENTED_EDGE('',*,*,#305,.T.);
#305 = EDGE_CURVE('',#298,#306,#308,.T.);
#306 = VERTEX_POINT('',#307);
#307 = CARTESIAN_POINT('',(1.75,-3.4,1.));
#308 = LINE('',#309,#310);
#309 = CARTESIAN_POINT('',(3.25,-3.4,1.));
#310 = VECTOR('',#311,1.);
#311 = DIRECTION('',(-1.,1.224646799147E-16,0.));
#312 = ORIENTED_EDGE('',*,*,#313,.T.);
#313 = EDGE_CURVE('',#306,#314,#316,.T.);
#314 = VERTEX_POINT('',#315);
#315 = CARTESIAN_POINT('',(1.75,-3.4,0.));
#316 = LINE('',#317,#318);
#317 = CARTESIAN_POINT('',(1.75,-3.4,1.));
#318 = VECTOR('',#319,1.);
#319 = DIRECTION('',(-0.,0.,-1.));
#320 = ORIENTED_EDGE('',*,*,#321,.F.);
#321 = EDGE_CURVE('',#322,#314,#324,.T.);
#322 = VERTEX_POINT('',#323);
#323 = CARTESIAN_POINT('',(0.75,-3.4,0.));
#324 = LINE('',#325,#326);
#325 = CARTESIAN_POINT('',(-2.45,-3.4,0.));
#326 = VECTOR('',#327,1.);
#327 = DIRECTION('',(1.,-1.224646799147E-16,0.));
#328 = ORIENTED_EDGE('',*,*,#329,.F.);
#329 = EDGE_CURVE('',#330,#322,#332,.T.);
#330 = VERTEX_POINT('',#331);
#331 = CARTESIAN_POINT('',(0.75,-3.4,1.));
#332 = LINE('',#333,#334);
#333 = CARTESIAN_POINT('',(0.75,-3.4,1.));
#334 = VECTOR('',#335,1.);
#335 = DIRECTION('',(-0.,0.,-1.));
#336 = ORIENTED_EDGE('',*,*,#337,.T.);
#337 = EDGE_CURVE('',#330,#338,#340,.T.);
#338 = VERTEX_POINT('',#339);
#339 = CARTESIAN_POINT('',(-0.75,-3.4,1.));
#340 = LINE('',#341,#342);
#341 = CARTESIAN_POINT('',(0.75,-3.4,1.));
#342 = VECTOR('',#343,1.);
#343 = DIRECTION('',(-1.,1.224646799147E-16,0.));
#344 = ORIENTED_EDGE('',*,*,#345,.T.);
#345 = EDGE_CURVE('',#338,#272,#346,.T.);
#346 = LINE('',#347,#348);
#347 = CARTESIAN_POINT('',(-0.75,-3.4,1.));
#348 = VECTOR('',#349,1.);
#349 = DIRECTION('',(-0.,0.,-1.));
#350 = PLANE('',#351);
#351 = AXIS2_PLACEMENT_3D('',#352,#353,#354);
#352 = CARTESIAN_POINT('',(-2.45,-3.4,0.));
#353 = DIRECTION('',(1.224646799147E-16,1.,0.));
#354 = DIRECTION('',(1.,-1.224646799147E-16,0.));
#355 = ADVANCED_FACE('',(#356),#374,.F.);
#356 = FACE_BOUND('',#357,.T.);
#357 = EDGE_LOOP('',(#358,#359,#360,#368));
#358 = ORIENTED_EDGE('',*,*,#249,.F.);
#359 = ORIENTED_EDGE('',*,*,#89,.T.);
#360 = ORIENTED_EDGE('',*,*,#361,.T.);
#361 = EDGE_CURVE('',#82,#362,#364,.T.);
#362 = VERTEX_POINT('',#363);
#363 = CARTESIAN_POINT('',(4.1,0.5,6.8));
#364 = LINE('',#365,#366);
#365 = CARTESIAN_POINT('',(3.575,0.5,6.275));
#366 = VECTOR('',#367,1.);
#367 = DIRECTION('',(-0.707106781187,8.659560562349E-17,-0.707106781187)
  );
#368 = ORIENTED_EDGE('',*,*,#369,.F.);
#369 = EDGE_CURVE('',#250,#362,#370,.T.);
#370 = LINE('',#371,#372);
#371 = CARTESIAN_POINT('',(4.1,-2.65,6.8));
#372 = VECTOR('',#373,1.);
#373 = DIRECTION('',(1.224646799147E-16,1.,0.));
#374 = PLANE('',#375);
#375 = AXIS2_PLACEMENT_3D('',#376,#377,#378);
#376 = CARTESIAN_POINT('',(4.2,-2.65,6.9));
#377 = DIRECTION('',(0.707106781187,-8.659560562349E-17,-0.707106781187)
  );
#378 = DIRECTION('',(-1.224646799147E-16,-1.,-2.105272540809E-29));
#379 = ADVANCED_FACE('',(#380),#439,.F.);
#380 = FACE_BOUND('',#381,.F.);
#381 = EDGE_LOOP('',(#382,#390,#391,#392,#400,#408,#417,#425,#433));
#382 = ORIENTED_EDGE('',*,*,#383,.F.);
#383 = EDGE_CURVE('',#282,#384,#386,.T.);
#384 = VERTEX_POINT('',#385);
#385 = CARTESIAN_POINT('',(4.95,2.35,0.));
#386 = LINE('',#387,#388);
#387 = CARTESIAN_POINT('',(4.95,-3.4,0.));
#388 = VECTOR('',#389,1.);
#389 = DIRECTION('',(1.224646799147E-16,1.,0.));
#390 = ORIENTED_EDGE('',*,*,#281,.T.);
#391 = ORIENTED_EDGE('',*,*,#73,.T.);
#392 = ORIENTED_EDGE('',*,*,#393,.F.);
#393 = EDGE_CURVE('',#394,#74,#396,.T.);
#394 = VERTEX_POINT('',#395);
#395 = CARTESIAN_POINT('',(4.95,0.5,3.65));
#396 = LINE('',#397,#398);
#397 = CARTESIAN_POINT('',(4.95,0.5,3.65));
#398 = VECTOR('',#399,1.);
#399 = DIRECTION('',(0.,0.,1.));
#400 = ORIENTED_EDGE('',*,*,#401,.F.);
#401 = EDGE_CURVE('',#402,#394,#404,.T.);
#402 = VERTEX_POINT('',#403);
#403 = CARTESIAN_POINT('',(4.95,1.,3.65));
#404 = LINE('',#405,#406);
#405 = CARTESIAN_POINT('',(4.95,1.,3.65));
#406 = VECTOR('',#407,1.);
#407 = DIRECTION('',(-1.224646799147E-16,-1.,0.));
#408 = ORIENTED_EDGE('',*,*,#409,.F.);
#409 = EDGE_CURVE('',#410,#402,#412,.T.);
#410 = VERTEX_POINT('',#411);
#411 = CARTESIAN_POINT('',(4.95,1.5,4.15));
#412 = CIRCLE('',#413,0.5);
#413 = AXIS2_PLACEMENT_3D('',#414,#415,#416);
#414 = CARTESIAN_POINT('',(4.95,1.,4.15));
#415 = DIRECTION('',(-1.,1.224646799147E-16,0.));
#416 = DIRECTION('',(1.224646799147E-16,1.,0.));
#417 = ORIENTED_EDGE('',*,*,#418,.F.);
#418 = EDGE_CURVE('',#419,#410,#421,.T.);
#419 = VERTEX_POINT('',#420);
#420 = CARTESIAN_POINT('',(4.95,1.5,7.));
#421 = LINE('',#422,#423);
#422 = CARTESIAN_POINT('',(4.95,1.5,7.));
#423 = VECTOR('',#424,1.);
#424 = DIRECTION('',(-0.,0.,-1.));
#425 = ORIENTED_EDGE('',*,*,#426,.T.);
#426 = EDGE_CURVE('',#419,#427,#429,.T.);
#427 = VERTEX_POINT('',#428);
#428 = CARTESIAN_POINT('',(4.95,2.35,7.));
#429 = LINE('',#430,#431);
#430 = CARTESIAN_POINT('',(4.95,-3.4,7.));
#431 = VECTOR('',#432,1.);
#432 = DIRECTION('',(1.224646799147E-16,1.,0.));
#433 = ORIENTED_EDGE('',*,*,#434,.F.);
#434 = EDGE_CURVE('',#384,#427,#435,.T.);
#435 = LINE('',#436,#437);
#436 = CARTESIAN_POINT('',(4.95,2.35,0.));
#437 = VECTOR('',#438,1.);
#438 = DIRECTION('',(0.,0.,1.));
#439 = PLANE('',#440);
#440 = AXIS2_PLACEMENT_3D('',#441,#442,#443);
#441 = CARTESIAN_POINT('',(4.95,-3.4,0.));
#442 = DIRECTION('',(-1.,1.224646799147E-16,0.));
#443 = DIRECTION('',(1.224646799147E-16,1.,0.));
#444 = ADVANCED_FACE('',(#445),#464,.T.);
#445 = FACE_BOUND('',#446,.T.);
#446 = EDGE_LOOP('',(#447,#448,#449,#457,#463));
#447 = ORIENTED_EDGE('',*,*,#81,.F.);
#448 = ORIENTED_EDGE('',*,*,#393,.F.);
#449 = ORIENTED_EDGE('',*,*,#450,.T.);
#450 = EDGE_CURVE('',#394,#451,#453,.T.);
#451 = VERTEX_POINT('',#452);
#452 = CARTESIAN_POINT('',(4.1,0.5,3.65));
#453 = LINE('',#454,#455);
#454 = CARTESIAN_POINT('',(4.95,0.5,3.65));
#455 = VECTOR('',#456,1.);
#456 = DIRECTION('',(-1.,1.224646799147E-16,0.));
#457 = ORIENTED_EDGE('',*,*,#458,.T.);
#458 = EDGE_CURVE('',#451,#362,#459,.T.);
#459 = LINE('',#460,#461);
#460 = CARTESIAN_POINT('',(4.1,0.5,5.325));
#461 = VECTOR('',#462,1.);
#462 = DIRECTION('',(0.,0.,1.));
#463 = ORIENTED_EDGE('',*,*,#361,.F.);
#464 = PLANE('',#465);
#465 = AXIS2_PLACEMENT_3D('',#466,#467,#468);
#466 = CARTESIAN_POINT('',(4.95,0.5,3.65));
#467 = DIRECTION('',(1.224646799147E-16,1.,0.));
#468 = DIRECTION('',(0.,-0.,1.));
#469 = ADVANCED_FACE('',(#470),#513,.F.);
#470 = FACE_BOUND('',#471,.F.);
#471 = EDGE_LOOP('',(#472,#473,#481,#490,#498,#506,#512));
#472 = ORIENTED_EDGE('',*,*,#119,.T.);
#473 = ORIENTED_EDGE('',*,*,#474,.T.);
#474 = EDGE_CURVE('',#122,#475,#477,.T.);
#475 = VERTEX_POINT('',#476);
#476 = CARTESIAN_POINT('',(-1.6,1.,3.65));
#477 = LINE('',#478,#479);
#478 = CARTESIAN_POINT('',(-1.6,1.25,3.65));
#479 = VECTOR('',#480,1.);
#480 = DIRECTION('',(1.224646799147E-16,1.,0.));
#481 = ORIENTED_EDGE('',*,*,#482,.T.);
#482 = EDGE_CURVE('',#475,#483,#485,.T.);
#483 = VERTEX_POINT('',#484);
#484 = CARTESIAN_POINT('',(-1.6,1.5,4.15));
#485 = CIRCLE('',#486,0.5);
#486 = AXIS2_PLACEMENT_3D('',#487,#488,#489);
#487 = CARTESIAN_POINT('',(-1.6,1.,4.15));
#488 = DIRECTION('',(1.,-1.224646799147E-16,0.));
#489 = DIRECTION('',(1.224646799147E-16,1.,0.));
#490 = ORIENTED_EDGE('',*,*,#491,.T.);
#491 = EDGE_CURVE('',#483,#492,#494,.T.);
#492 = VERTEX_POINT('',#493);
#493 = CARTESIAN_POINT('',(-1.6,1.5,1.85));
#494 = LINE('',#495,#496);
#495 = CARTESIAN_POINT('',(-1.6,1.5,7.));
#496 = VECTOR('',#497,1.);
#497 = DIRECTION('',(0.,0.,-1.));
#498 = ORIENTED_EDGE('',*,*,#499,.T.);
#499 = EDGE_CURVE('',#492,#500,#502,.T.);
#500 = VERTEX_POINT('',#501);
#501 = CARTESIAN_POINT('',(-1.6,-2.65,1.85));
#502 = LINE('',#503,#504);
#503 = CARTESIAN_POINT('',(-1.6,1.5,1.85));
#504 = VECTOR('',#505,1.);
#505 = DIRECTION('',(-1.224646799147E-16,-1.,0.));
#506 = ORIENTED_EDGE('',*,*,#507,.F.);
#507 = EDGE_CURVE('',#161,#500,#508,.T.);
#508 = LINE('',#509,#510);
#509 = CARTESIAN_POINT('',(-1.6,-2.65,7.));
#510 = VECTOR('',#511,1.);
#511 = DIRECTION('',(0.,0.,-1.));
#512 = ORIENTED_EDGE('',*,*,#168,.F.);
#513 = PLANE('',#514);
#514 = AXIS2_PLACEMENT_3D('',#515,#516,#517);
#515 = CARTESIAN_POINT('',(-1.6,1.5,7.));
#516 = DIRECTION('',(-1.,1.224646799147E-16,0.));
#517 = DIRECTION('',(-1.224646799147E-16,-1.,0.));
#518 = ADVANCED_FACE('',(#519),#530,.T.);
#519 = FACE_BOUND('',#520,.T.);
#520 = EDGE_LOOP('',(#521,#522,#528,#529));
#521 = ORIENTED_EDGE('',*,*,#474,.T.);
#522 = ORIENTED_EDGE('',*,*,#523,.T.);
#523 = EDGE_CURVE('',#475,#217,#524,.T.);
#524 = LINE('',#525,#526);
#525 = CARTESIAN_POINT('',(4.95,1.,3.65));
#526 = VECTOR('',#527,1.);
#527 = DIRECTION('',(-1.,1.224646799147E-16,0.));
#528 = ORIENTED_EDGE('',*,*,#225,.T.);
#529 = ORIENTED_EDGE('',*,*,#129,.F.);
#530 = PLANE('',#531);
#531 = AXIS2_PLACEMENT_3D('',#532,#533,#534);
#532 = CARTESIAN_POINT('',(4.95,1.,3.65));
#533 = DIRECTION('',(0.,0.,1.));
#534 = DIRECTION('',(-1.224646799147E-16,-1.,0.));
#535 = ADVANCED_FACE('',(#536),#554,.F.);
#536 = FACE_BOUND('',#537,.F.);
#537 = EDGE_LOOP('',(#538,#539,#547,#553));
#538 = ORIENTED_EDGE('',*,*,#271,.T.);
#539 = ORIENTED_EDGE('',*,*,#540,.T.);
#540 = EDGE_CURVE('',#272,#541,#543,.T.);
#541 = VERTEX_POINT('',#542);
#542 = CARTESIAN_POINT('',(-0.75,2.35,0.));
#543 = LINE('',#544,#545);
#544 = CARTESIAN_POINT('',(-0.75,-3.4,0.));
#545 = VECTOR('',#546,1.);
#546 = DIRECTION('',(1.224646799147E-16,1.,0.));
#547 = ORIENTED_EDGE('',*,*,#548,.T.);
#548 = EDGE_CURVE('',#541,#183,#549,.T.);
#549 = LINE('',#550,#551);
#550 = CARTESIAN_POINT('',(4.95,2.35,0.));
#551 = VECTOR('',#552,1.);
#552 = DIRECTION('',(-1.,1.224646799147E-16,0.));
#553 = ORIENTED_EDGE('',*,*,#182,.T.);
#554 = PLANE('',#555);
#555 = AXIS2_PLACEMENT_3D('',#556,#557,#558);
#556 = CARTESIAN_POINT('',(1.25,-0.525,0.));
#557 = DIRECTION('',(0.,0.,1.));
#558 = DIRECTION('',(-1.,1.224646799147E-16,0.));
#559 = ADVANCED_FACE('',(#560),#571,.F.);
#560 = FACE_BOUND('',#561,.F.);
#561 = EDGE_LOOP('',(#562,#563,#564,#570));
#562 = ORIENTED_EDGE('',*,*,#523,.T.);
#563 = ORIENTED_EDGE('',*,*,#216,.T.);
#564 = ORIENTED_EDGE('',*,*,#565,.F.);
#565 = EDGE_CURVE('',#483,#209,#566,.T.);
#566 = LINE('',#567,#568);
#567 = CARTESIAN_POINT('',(4.95,1.5,4.15));
#568 = VECTOR('',#569,1.);
#569 = DIRECTION('',(-1.,1.224646799147E-16,0.));
#570 = ORIENTED_EDGE('',*,*,#482,.F.);
#571 = CYLINDRICAL_SURFACE('',#572,0.5);
#572 = AXIS2_PLACEMENT_3D('',#573,#574,#575);
#573 = CARTESIAN_POINT('',(4.95,1.,4.15));
#574 = DIRECTION('',(1.,-1.224646799147E-16,-0.));
#575 = DIRECTION('',(1.224646799147E-16,1.,0.));
#576 = ADVANCED_FACE('',(#577),#709,.T.);
#577 = FACE_BOUND('',#578,.T.);
#578 = EDGE_LOOP('',(#579,#580,#588,#596,#604,#612,#620,#629,#637,#646,
    #654,#662,#670,#678,#684,#685,#686,#687,#695,#703));
#579 = ORIENTED_EDGE('',*,*,#418,.F.);
#580 = ORIENTED_EDGE('',*,*,#581,.T.);
#581 = EDGE_CURVE('',#419,#582,#584,.T.);
#582 = VERTEX_POINT('',#583);
#583 = CARTESIAN_POINT('',(3.,1.5,7.));
#584 = LINE('',#585,#586);
#585 = CARTESIAN_POINT('',(4.95,1.5,7.));
#586 = VECTOR('',#587,1.);
#587 = DIRECTION('',(-1.,1.224646799147E-16,0.));
#588 = ORIENTED_EDGE('',*,*,#589,.T.);
#589 = EDGE_CURVE('',#582,#590,#592,.T.);
#590 = VERTEX_POINT('',#591);
#591 = CARTESIAN_POINT('',(3.,1.5,6.1));
#592 = LINE('',#593,#594);
#593 = CARTESIAN_POINT('',(3.,1.5,5.340388446215));
#594 = VECTOR('',#595,1.);
#595 = DIRECTION('',(-2.467162276945E-16,8.387236609414E-17,-1.));
#596 = ORIENTED_EDGE('',*,*,#597,.T.);
#597 = EDGE_CURVE('',#590,#598,#600,.T.);
#598 = VERTEX_POINT('',#599);
#599 = CARTESIAN_POINT('',(2.75,1.5,5.85));
#600 = LINE('',#601,#602);
#601 = CARTESIAN_POINT('',(2.057694223108,1.5,5.157694223108));
#602 = VECTOR('',#603,1.);
#603 = DIRECTION('',(-0.707106781187,1.459023244428E-16,-0.707106781187)
  );
#604 = ORIENTED_EDGE('',*,*,#605,.T.);
#605 = EDGE_CURVE('',#598,#606,#608,.T.);
#606 = VERTEX_POINT('',#607);
#607 = CARTESIAN_POINT('',(3.,1.5,5.6));
#608 = LINE('',#609,#610);
#609 = CARTESIAN_POINT('',(2.817305776892,1.5,5.782694223108));
#610 = VECTOR('',#611,1.);
#611 = DIRECTION('',(0.707106781187,-2.72888868042E-17,-0.707106781187)
  );
#612 = ORIENTED_EDGE('',*,*,#613,.T.);
#613 = EDGE_CURVE('',#606,#614,#616,.T.);
#614 = VERTEX_POINT('',#615);
#615 = CARTESIAN_POINT('',(3.,1.5,3.85));
#616 = LINE('',#617,#618);
#617 = CARTESIAN_POINT('',(3.,1.5,3.840388446215));
#618 = VECTOR('',#619,1.);
#619 = DIRECTION('',(1.027140246741E-32,8.387236609414E-17,-1.));
#620 = ORIENTED_EDGE('',*,*,#621,.F.);
#621 = EDGE_CURVE('',#622,#614,#624,.T.);
#622 = VERTEX_POINT('',#623);
#623 = CARTESIAN_POINT('',(2.25,1.5,3.1));
#624 = CIRCLE('',#625,0.75);
#625 = AXIS2_PLACEMENT_3D('',#626,#627,#628);
#626 = CARTESIAN_POINT('',(2.25,1.5,3.85));
#627 = DIRECTION('',(-1.224646799147E-16,-1.,0.));
#628 = DIRECTION('',(-0.,0.,-1.));
#629 = ORIENTED_EDGE('',*,*,#630,.F.);
#630 = EDGE_CURVE('',#631,#622,#633,.T.);
#631 = VERTEX_POINT('',#632);
#632 = CARTESIAN_POINT('',(0.25,1.5,3.1));
#633 = LINE('',#634,#635);
#634 = CARTESIAN_POINT('',(1.25,1.5,3.1));
#635 = VECTOR('',#636,1.);
#636 = DIRECTION('',(1.,-1.224646799147E-16,6.189508478766E-63));
#637 = ORIENTED_EDGE('',*,*,#638,.F.);
#638 = EDGE_CURVE('',#639,#631,#641,.T.);
#639 = VERTEX_POINT('',#640);
#640 = CARTESIAN_POINT('',(-0.5,1.5,3.85));
#641 = CIRCLE('',#642,0.75);
#642 = AXIS2_PLACEMENT_3D('',#643,#644,#645);
#643 = CARTESIAN_POINT('',(0.25,1.5,3.85));
#644 = DIRECTION('',(-1.224646799147E-16,-1.,0.));
#645 = DIRECTION('',(-0.,0.,-1.));
#646 = ORIENTED_EDGE('',*,*,#647,.F.);
#647 = EDGE_CURVE('',#648,#639,#650,.T.);
#648 = VERTEX_POINT('',#649);
#649 = CARTESIAN_POINT('',(-0.5,1.5,5.6));
#650 = LINE('',#651,#652);
#651 = CARTESIAN_POINT('',(-0.5,1.5,3.840388446215));
#652 = VECTOR('',#653,1.);
#653 = DIRECTION('',(1.027140246741E-32,8.387236609414E-17,-1.));
#654 = ORIENTED_EDGE('',*,*,#655,.F.);
#655 = EDGE_CURVE('',#656,#648,#658,.T.);
#656 = VERTEX_POINT('',#657);
#657 = CARTESIAN_POINT('',(-0.25,1.5,5.85));
#658 = LINE('',#659,#660);
#659 = CARTESIAN_POINT('',(-0.317305776892,1.5,5.782694223108));
#660 = VECTOR('',#661,1.);
#661 = DIRECTION('',(-0.707106781187,1.459023244428E-16,-0.707106781187)
  );
#662 = ORIENTED_EDGE('',*,*,#663,.F.);
#663 = EDGE_CURVE('',#664,#656,#666,.T.);
#664 = VERTEX_POINT('',#665);
#665 = CARTESIAN_POINT('',(-0.5,1.5,6.1));
#666 = LINE('',#667,#668);
#667 = CARTESIAN_POINT('',(0.442305776892,1.5,5.157694223108));
#668 = VECTOR('',#669,1.);
#669 = DIRECTION('',(0.707106781187,-2.72888868042E-17,-0.707106781187)
  );
#670 = ORIENTED_EDGE('',*,*,#671,.F.);
#671 = EDGE_CURVE('',#672,#664,#674,.T.);
#672 = VERTEX_POINT('',#673);
#673 = CARTESIAN_POINT('',(-0.5,1.5,7.));
#674 = LINE('',#675,#676);
#675 = CARTESIAN_POINT('',(-0.5,1.5,5.340388446215));
#676 = VECTOR('',#677,1.);
#677 = DIRECTION('',(1.027140246741E-32,8.387236609414E-17,-1.));
#678 = ORIENTED_EDGE('',*,*,#679,.T.);
#679 = EDGE_CURVE('',#672,#201,#680,.T.);
#680 = LINE('',#681,#682);
#681 = CARTESIAN_POINT('',(4.95,1.5,7.));
#682 = VECTOR('',#683,1.);
#683 = DIRECTION('',(-1.,1.224646799147E-16,0.));
#684 = ORIENTED_EDGE('',*,*,#208,.T.);
#685 = ORIENTED_EDGE('',*,*,#565,.F.);
#686 = ORIENTED_EDGE('',*,*,#491,.T.);
#687 = ORIENTED_EDGE('',*,*,#688,.F.);
#688 = EDGE_CURVE('',#689,#492,#691,.T.);
#689 = VERTEX_POINT('',#690);
#690 = CARTESIAN_POINT('',(4.1,1.5,1.85));
#691 = LINE('',#692,#693);
#692 = CARTESIAN_POINT('',(4.1,1.5,1.85));
#693 = VECTOR('',#694,1.);
#694 = DIRECTION('',(-1.,1.224646799147E-16,0.));
#695 = ORIENTED_EDGE('',*,*,#696,.F.);
#696 = EDGE_CURVE('',#697,#689,#699,.T.);
#697 = VERTEX_POINT('',#698);
#698 = CARTESIAN_POINT('',(4.1,1.5,4.15));
#699 = LINE('',#700,#701);
#700 = CARTESIAN_POINT('',(4.1,1.5,7.));
#701 = VECTOR('',#702,1.);
#702 = DIRECTION('',(0.,0.,-1.));
#703 = ORIENTED_EDGE('',*,*,#704,.F.);
#704 = EDGE_CURVE('',#410,#697,#705,.T.);
#705 = LINE('',#706,#707);
#706 = CARTESIAN_POINT('',(4.95,1.5,4.15));
#707 = VECTOR('',#708,1.);
#708 = DIRECTION('',(-1.,1.224646799147E-16,0.));
#709 = PLANE('',#710);
#710 = AXIS2_PLACEMENT_3D('',#711,#712,#713);
#711 = CARTESIAN_POINT('',(1.25,1.5,4.58077689243));
#712 = DIRECTION('',(-1.224646799147E-16,-1.,-8.387236609414E-17));
#713 = DIRECTION('',(-1.027140246741E-32,-8.387236609414E-17,1.));
#714 = ADVANCED_FACE('',(#715),#733,.T.);
#715 = FACE_BOUND('',#716,.T.);
#716 = EDGE_LOOP('',(#717,#718,#726,#732));
#717 = ORIENTED_EDGE('',*,*,#679,.F.);
#718 = ORIENTED_EDGE('',*,*,#719,.F.);
#719 = EDGE_CURVE('',#720,#672,#722,.T.);
#720 = VERTEX_POINT('',#721);
#721 = CARTESIAN_POINT('',(-0.5,2.35,7.));
#722 = LINE('',#723,#724);
#723 = CARTESIAN_POINT('',(-0.5,2.35,7.));
#724 = VECTOR('',#725,1.);
#725 = DIRECTION('',(-1.224646799147E-16,-1.,0.));
#726 = ORIENTED_EDGE('',*,*,#727,.T.);
#727 = EDGE_CURVE('',#720,#193,#728,.T.);
#728 = LINE('',#729,#730);
#729 = CARTESIAN_POINT('',(4.95,2.35,7.));
#730 = VECTOR('',#731,1.);
#731 = DIRECTION('',(-1.,1.224646799147E-16,0.));
#732 = ORIENTED_EDGE('',*,*,#200,.T.);
#733 = PLANE('',#734);
#734 = AXIS2_PLACEMENT_3D('',#735,#736,#737);
#735 = CARTESIAN_POINT('',(1.25,-0.525,7.));
#736 = DIRECTION('',(0.,0.,1.));
#737 = DIRECTION('',(-1.,1.224646799147E-16,0.));
#738 = ADVANCED_FACE('',(#739),#903,.F.);
#739 = FACE_BOUND('',#740,.F.);
#740 = EDGE_LOOP('',(#741,#749,#750,#758,#766,#774,#782,#790,#799,#807,
    #816,#824,#832,#840,#846,#847,#848,#849,#857,#865,#873,#881,#889,
    #897));
#741 = ORIENTED_EDGE('',*,*,#742,.F.);
#742 = EDGE_CURVE('',#384,#743,#745,.T.);
#743 = VERTEX_POINT('',#744);
#744 = CARTESIAN_POINT('',(3.25,2.35,0.));
#745 = LINE('',#746,#747);
#746 = CARTESIAN_POINT('',(4.95,2.35,0.));
#747 = VECTOR('',#748,1.);
#748 = DIRECTION('',(-1.,1.224646799147E-16,0.));
#749 = ORIENTED_EDGE('',*,*,#434,.T.);
#750 = ORIENTED_EDGE('',*,*,#751,.T.);
#751 = EDGE_CURVE('',#427,#752,#754,.T.);
#752 = VERTEX_POINT('',#753);
#753 = CARTESIAN_POINT('',(3.,2.35,7.));
#754 = LINE('',#755,#756);
#755 = CARTESIAN_POINT('',(4.95,2.35,7.));
#756 = VECTOR('',#757,1.);
#757 = DIRECTION('',(-1.,1.224646799147E-16,0.));
#758 = ORIENTED_EDGE('',*,*,#759,.F.);
#759 = EDGE_CURVE('',#760,#752,#762,.T.);
#760 = VERTEX_POINT('',#761);
#761 = CARTESIAN_POINT('',(3.,2.35,6.1));
#762 = LINE('',#763,#764);
#763 = CARTESIAN_POINT('',(3.,2.35,6.1));
#764 = VECTOR('',#765,1.);
#765 = DIRECTION('',(2.467162276945E-16,-3.021402385438E-32,1.));
#766 = ORIENTED_EDGE('',*,*,#767,.F.);
#767 = EDGE_CURVE('',#768,#760,#770,.T.);
#768 = VERTEX_POINT('',#769);
#769 = CARTESIAN_POINT('',(2.75,2.35,5.85));
#770 = LINE('',#771,#772);
#771 = CARTESIAN_POINT('',(2.75,2.35,5.85));
#772 = VECTOR('',#773,1.);
#773 = DIRECTION('',(0.707106781187,-8.659560562349E-17,0.707106781187)
  );
#774 = ORIENTED_EDGE('',*,*,#775,.F.);
#775 = EDGE_CURVE('',#776,#768,#778,.T.);
#776 = VERTEX_POINT('',#777);
#777 = CARTESIAN_POINT('',(3.,2.35,5.6));
#778 = LINE('',#779,#780);
#779 = CARTESIAN_POINT('',(3.,2.35,5.6));
#780 = VECTOR('',#781,1.);
#781 = DIRECTION('',(-0.707106781187,8.659560562349E-17,0.707106781187)
  );
#782 = ORIENTED_EDGE('',*,*,#783,.F.);
#783 = EDGE_CURVE('',#784,#776,#786,.T.);
#784 = VERTEX_POINT('',#785);
#785 = CARTESIAN_POINT('',(3.,2.35,3.85));
#786 = LINE('',#787,#788);
#787 = CARTESIAN_POINT('',(3.,2.35,3.1));
#788 = VECTOR('',#789,1.);
#789 = DIRECTION('',(0.,0.,1.));
#790 = ORIENTED_EDGE('',*,*,#791,.F.);
#791 = EDGE_CURVE('',#792,#784,#794,.T.);
#792 = VERTEX_POINT('',#793);
#793 = CARTESIAN_POINT('',(2.25,2.35,3.1));
#794 = CIRCLE('',#795,0.75);
#795 = AXIS2_PLACEMENT_3D('',#796,#797,#798);
#796 = CARTESIAN_POINT('',(2.25,2.35,3.85));
#797 = DIRECTION('',(-1.224646799147E-16,-1.,0.));
#798 = DIRECTION('',(0.,0.,1.));
#799 = ORIENTED_EDGE('',*,*,#800,.F.);
#800 = EDGE_CURVE('',#801,#792,#803,.T.);
#801 = VERTEX_POINT('',#802);
#802 = CARTESIAN_POINT('',(0.25,2.35,3.1));
#803 = LINE('',#804,#805);
#804 = CARTESIAN_POINT('',(1.25,2.35,3.1));
#805 = VECTOR('',#806,1.);
#806 = DIRECTION('',(1.,-1.224646799147E-16,0.));
#807 = ORIENTED_EDGE('',*,*,#808,.T.);
#808 = EDGE_CURVE('',#801,#809,#811,.T.);
#809 = VERTEX_POINT('',#810);
#810 = CARTESIAN_POINT('',(-0.5,2.35,3.85));
#811 = CIRCLE('',#812,0.75);
#812 = AXIS2_PLACEMENT_3D('',#813,#814,#815);
#813 = CARTESIAN_POINT('',(0.25,2.35,3.85));
#814 = DIRECTION('',(1.224646799147E-16,1.,-0.));
#815 = DIRECTION('',(0.,0.,1.));
#816 = ORIENTED_EDGE('',*,*,#817,.T.);
#817 = EDGE_CURVE('',#809,#818,#820,.T.);
#818 = VERTEX_POINT('',#819);
#819 = CARTESIAN_POINT('',(-0.5,2.35,5.6));
#820 = LINE('',#821,#822);
#821 = CARTESIAN_POINT('',(-0.5,2.35,3.1));
#822 = VECTOR('',#823,1.);
#823 = DIRECTION('',(0.,0.,1.));
#824 = ORIENTED_EDGE('',*,*,#825,.T.);
#825 = EDGE_CURVE('',#818,#826,#828,.T.);
#826 = VERTEX_POINT('',#827);
#827 = CARTESIAN_POINT('',(-0.25,2.35,5.85));
#828 = LINE('',#829,#830);
#829 = CARTESIAN_POINT('',(-0.5,2.35,5.6));
#830 = VECTOR('',#831,1.);
#831 = DIRECTION('',(0.707106781187,-8.659560562349E-17,0.707106781187)
  );
#832 = ORIENTED_EDGE('',*,*,#833,.T.);
#833 = EDGE_CURVE('',#826,#834,#836,.T.);
#834 = VERTEX_POINT('',#835);
#835 = CARTESIAN_POINT('',(-0.5,2.35,6.1));
#836 = LINE('',#837,#838);
#837 = CARTESIAN_POINT('',(-0.25,2.35,5.85));
#838 = VECTOR('',#839,1.);
#839 = DIRECTION('',(-0.707106781187,8.659560562349E-17,0.707106781187)
  );
#840 = ORIENTED_EDGE('',*,*,#841,.T.);
#841 = EDGE_CURVE('',#834,#720,#842,.T.);
#842 = LINE('',#843,#844);
#843 = CARTESIAN_POINT('',(-0.5,2.35,6.1));
#844 = VECTOR('',#845,1.);
#845 = DIRECTION('',(0.,0.,1.));
#846 = ORIENTED_EDGE('',*,*,#727,.T.);
#847 = ORIENTED_EDGE('',*,*,#192,.F.);
#848 = ORIENTED_EDGE('',*,*,#548,.F.);
#849 = ORIENTED_EDGE('',*,*,#850,.T.);
#850 = EDGE_CURVE('',#541,#851,#853,.T.);
#851 = VERTEX_POINT('',#852);
#852 = CARTESIAN_POINT('',(-0.75,2.35,1.));
#853 = LINE('',#854,#855);
#854 = CARTESIAN_POINT('',(-0.75,2.35,0.));
#855 = VECTOR('',#856,1.);
#856 = DIRECTION('',(0.,0.,1.));
#857 = ORIENTED_EDGE('',*,*,#858,.F.);
#858 = EDGE_CURVE('',#859,#851,#861,.T.);
#859 = VERTEX_POINT('',#860);
#860 = CARTESIAN_POINT('',(0.75,2.35,1.));
#861 = LINE('',#862,#863);
#862 = CARTESIAN_POINT('',(0.75,2.35,1.));
#863 = VECTOR('',#864,1.);
#864 = DIRECTION('',(-1.,1.224646799147E-16,0.));
#865 = ORIENTED_EDGE('',*,*,#866,.F.);
#866 = EDGE_CURVE('',#867,#859,#869,.T.);
#867 = VERTEX_POINT('',#868);
#868 = CARTESIAN_POINT('',(0.75,2.35,0.));
#869 = LINE('',#870,#871);
#870 = CARTESIAN_POINT('',(0.75,2.35,0.));
#871 = VECTOR('',#872,1.);
#872 = DIRECTION('',(0.,0.,1.));
#873 = ORIENTED_EDGE('',*,*,#874,.F.);
#874 = EDGE_CURVE('',#875,#867,#877,.T.);
#875 = VERTEX_POINT('',#876);
#876 = CARTESIAN_POINT('',(1.75,2.35,0.));
#877 = LINE('',#878,#879);
#878 = CARTESIAN_POINT('',(4.95,2.35,0.));
#879 = VECTOR('',#880,1.);
#880 = DIRECTION('',(-1.,1.224646799147E-16,0.));
#881 = ORIENTED_EDGE('',*,*,#882,.T.);
#882 = EDGE_CURVE('',#875,#883,#885,.T.);
#883 = VERTEX_POINT('',#884);
#884 = CARTESIAN_POINT('',(1.75,2.35,1.));
#885 = LINE('',#886,#887);
#886 = CARTESIAN_POINT('',(1.75,2.35,0.));
#887 = VECTOR('',#888,1.);
#888 = DIRECTION('',(0.,0.,1.));
#889 = ORIENTED_EDGE('',*,*,#890,.F.);
#890 = EDGE_CURVE('',#891,#883,#893,.T.);
#891 = VERTEX_POINT('',#892);
#892 = CARTESIAN_POINT('',(3.25,2.35,1.));
#893 = LINE('',#894,#895);
#894 = CARTESIAN_POINT('',(3.25,2.35,1.));
#895 = VECTOR('',#896,1.);
#896 = DIRECTION('',(-1.,1.224646799147E-16,0.));
#897 = ORIENTED_EDGE('',*,*,#898,.F.);
#898 = EDGE_CURVE('',#743,#891,#899,.T.);
#899 = LINE('',#900,#901);
#900 = CARTESIAN_POINT('',(3.25,2.35,0.));
#901 = VECTOR('',#902,1.);
#902 = DIRECTION('',(0.,0.,1.));
#903 = PLANE('',#904);
#904 = AXIS2_PLACEMENT_3D('',#905,#906,#907);
#905 = CARTESIAN_POINT('',(4.95,2.35,0.));
#906 = DIRECTION('',(-1.224646799147E-16,-1.,0.));
#907 = DIRECTION('',(-1.,1.224646799147E-16,0.));
#908 = ADVANCED_FACE('',(#909),#927,.F.);
#909 = FACE_BOUND('',#910,.F.);
#910 = EDGE_LOOP('',(#911,#912,#920,#926));
#911 = ORIENTED_EDGE('',*,*,#507,.T.);
#912 = ORIENTED_EDGE('',*,*,#913,.T.);
#913 = EDGE_CURVE('',#500,#914,#916,.T.);
#914 = VERTEX_POINT('',#915);
#915 = CARTESIAN_POINT('',(4.1,-2.65,1.85));
#916 = LINE('',#917,#918);
#917 = CARTESIAN_POINT('',(-1.6,-2.65,1.85));
#918 = VECTOR('',#919,1.);
#919 = DIRECTION('',(1.,-1.224646799147E-16,0.));
#920 = ORIENTED_EDGE('',*,*,#921,.F.);
#921 = EDGE_CURVE('',#250,#914,#922,.T.);
#922 = LINE('',#923,#924);
#923 = CARTESIAN_POINT('',(4.1,-2.65,7.));
#924 = VECTOR('',#925,1.);
#925 = DIRECTION('',(0.,0.,-1.));
#926 = ORIENTED_EDGE('',*,*,#257,.F.);
#927 = PLANE('',#928);
#928 = AXIS2_PLACEMENT_3D('',#929,#930,#931);
#929 = CARTESIAN_POINT('',(-1.6,-2.65,7.));
#930 = DIRECTION('',(-1.224646799147E-16,-1.,0.));
#931 = DIRECTION('',(1.,-1.224646799147E-16,0.));
#932 = ADVANCED_FACE('',(#933),#960,.T.);
#933 = FACE_BOUND('',#934,.T.);
#934 = EDGE_LOOP('',(#935,#936,#944,#952,#958,#959));
#935 = ORIENTED_EDGE('',*,*,#850,.T.);
#936 = ORIENTED_EDGE('',*,*,#937,.T.);
#937 = EDGE_CURVE('',#851,#938,#940,.T.);
#938 = VERTEX_POINT('',#939);
#939 = CARTESIAN_POINT('',(-0.75,0.5,0.3));
#940 = LINE('',#941,#942);
#941 = CARTESIAN_POINT('',(-0.75,2.35,1.));
#942 = VECTOR('',#943,1.);
#943 = DIRECTION('',(-1.14539532148E-16,-0.935286257456,-0.353892097416)
  );
#944 = ORIENTED_EDGE('',*,*,#945,.T.);
#945 = EDGE_CURVE('',#938,#946,#948,.T.);
#946 = VERTEX_POINT('',#947);
#947 = CARTESIAN_POINT('',(-0.75,-0.5,0.3));
#948 = LINE('',#949,#950);
#949 = CARTESIAN_POINT('',(-0.75,0.5,0.3));
#950 = VECTOR('',#951,1.);
#951 = DIRECTION('',(-1.224646799147E-16,-1.,0.));
#952 = ORIENTED_EDGE('',*,*,#953,.T.);
#953 = EDGE_CURVE('',#946,#338,#954,.T.);
#954 = LINE('',#955,#956);
#955 = CARTESIAN_POINT('',(-0.75,-0.5,0.3));
#956 = VECTOR('',#957,1.);
#957 = DIRECTION('',(-1.190457365237E-16,-0.972082208573,0.234640533104)
  );
#958 = ORIENTED_EDGE('',*,*,#345,.T.);
#959 = ORIENTED_EDGE('',*,*,#540,.T.);
#960 = PLANE('',#961);
#961 = AXIS2_PLACEMENT_3D('',#962,#963,#964);
#962 = CARTESIAN_POINT('',(-0.75,-0.515451356496,0.330008245993));
#963 = DIRECTION('',(1.,-1.224646799147E-16,-1.256256073143E-32));
#964 = DIRECTION('',(-1.256256073143E-32,1.538469978883E-48,-1.));
#965 = ADVANCED_FACE('',(#966),#984,.F.);
#966 = FACE_BOUND('',#967,.F.);
#967 = EDGE_LOOP('',(#968,#976,#977,#978));
#968 = ORIENTED_EDGE('',*,*,#969,.T.);
#969 = EDGE_CURVE('',#970,#946,#972,.T.);
#970 = VERTEX_POINT('',#971);
#971 = CARTESIAN_POINT('',(0.75,-0.5,0.3));
#972 = LINE('',#973,#974);
#973 = CARTESIAN_POINT('',(0.75,-0.5,0.3));
#974 = VECTOR('',#975,1.);
#975 = DIRECTION('',(-1.,1.224646799147E-16,0.));
#976 = ORIENTED_EDGE('',*,*,#953,.T.);
#977 = ORIENTED_EDGE('',*,*,#337,.F.);
#978 = ORIENTED_EDGE('',*,*,#979,.F.);
#979 = EDGE_CURVE('',#970,#330,#980,.T.);
#980 = LINE('',#981,#982);
#981 = CARTESIAN_POINT('',(0.75,-0.5,0.3));
#982 = VECTOR('',#983,1.);
#983 = DIRECTION('',(-1.190457365237E-16,-0.972082208573,0.234640533104)
  );
#984 = PLANE('',#985);
#985 = AXIS2_PLACEMENT_3D('',#986,#987,#988);
#986 = CARTESIAN_POINT('',(0.75,-0.5,0.3));
#987 = DIRECTION('',(2.87351777816E-17,0.234640533104,0.972082208573));
#988 = DIRECTION('',(-1.190457365237E-16,-0.972082208573,0.234640533104)
  );
#989 = ADVANCED_FACE('',(#990),#1015,.F.);
#990 = FACE_BOUND('',#991,.F.);
#991 = EDGE_LOOP('',(#992,#993,#1001,#1007,#1008,#1009));
#992 = ORIENTED_EDGE('',*,*,#866,.T.);
#993 = ORIENTED_EDGE('',*,*,#994,.T.);
#994 = EDGE_CURVE('',#859,#995,#997,.T.);
#995 = VERTEX_POINT('',#996);
#996 = CARTESIAN_POINT('',(0.75,0.5,0.3));
#997 = LINE('',#998,#999);
#998 = CARTESIAN_POINT('',(0.75,2.35,1.));
#999 = VECTOR('',#1000,1.);
#1000 = DIRECTION('',(-1.14539532148E-16,-0.935286257456,-0.353892097416
    ));
#1001 = ORIENTED_EDGE('',*,*,#1002,.T.);
#1002 = EDGE_CURVE('',#995,#970,#1003,.T.);
#1003 = LINE('',#1004,#1005);
#1004 = CARTESIAN_POINT('',(0.75,0.5,0.3));
#1005 = VECTOR('',#1006,1.);
#1006 = DIRECTION('',(-1.224646799147E-16,-1.,0.));
#1007 = ORIENTED_EDGE('',*,*,#979,.T.);
#1008 = ORIENTED_EDGE('',*,*,#329,.T.);
#1009 = ORIENTED_EDGE('',*,*,#1010,.T.);
#1010 = EDGE_CURVE('',#322,#867,#1011,.T.);
#1011 = LINE('',#1012,#1013);
#1012 = CARTESIAN_POINT('',(0.75,-3.4,0.));
#1013 = VECTOR('',#1014,1.);
#1014 = DIRECTION('',(1.224646799147E-16,1.,0.));
#1015 = PLANE('',#1016);
#1016 = AXIS2_PLACEMENT_3D('',#1017,#1018,#1019);
#1017 = CARTESIAN_POINT('',(0.75,-0.515451356496,0.330008245993));
#1018 = DIRECTION('',(1.,-1.224646799147E-16,-1.256256073143E-32));
#1019 = DIRECTION('',(-1.256256073143E-32,1.538469978883E-48,-1.));
#1020 = ADVANCED_FACE('',(#1021),#1032,.F.);
#1021 = FACE_BOUND('',#1022,.F.);
#1022 = EDGE_LOOP('',(#1023,#1024,#1030,#1031));
#1023 = ORIENTED_EDGE('',*,*,#321,.T.);
#1024 = ORIENTED_EDGE('',*,*,#1025,.T.);
#1025 = EDGE_CURVE('',#314,#875,#1026,.T.);
#1026 = LINE('',#1027,#1028);
#1027 = CARTESIAN_POINT('',(1.75,-3.4,0.));
#1028 = VECTOR('',#1029,1.);
#1029 = DIRECTION('',(1.224646799147E-16,1.,0.));
#1030 = ORIENTED_EDGE('',*,*,#874,.T.);
#1031 = ORIENTED_EDGE('',*,*,#1010,.F.);
#1032 = PLANE('',#1033);
#1033 = AXIS2_PLACEMENT_3D('',#1034,#1035,#1036);
#1034 = CARTESIAN_POINT('',(1.25,-0.525,0.));
#1035 = DIRECTION('',(0.,0.,1.));
#1036 = DIRECTION('',(-1.,1.224646799147E-16,0.));
#1037 = ADVANCED_FACE('',(#1038),#1065,.T.);
#1038 = FACE_BOUND('',#1039,.T.);
#1039 = EDGE_LOOP('',(#1040,#1041,#1049,#1057,#1063,#1064));
#1040 = ORIENTED_EDGE('',*,*,#882,.T.);
#1041 = ORIENTED_EDGE('',*,*,#1042,.T.);
#1042 = EDGE_CURVE('',#883,#1043,#1045,.T.);
#1043 = VERTEX_POINT('',#1044);
#1044 = CARTESIAN_POINT('',(1.75,0.5,0.3));
#1045 = LINE('',#1046,#1047);
#1046 = CARTESIAN_POINT('',(1.75,2.35,1.));
#1047 = VECTOR('',#1048,1.);
#1048 = DIRECTION('',(-1.14539532148E-16,-0.935286257456,-0.353892097416
    ));
#1049 = ORIENTED_EDGE('',*,*,#1050,.T.);
#1050 = EDGE_CURVE('',#1043,#1051,#1053,.T.);
#1051 = VERTEX_POINT('',#1052);
#1052 = CARTESIAN_POINT('',(1.75,-0.5,0.3));
#1053 = LINE('',#1054,#1055);
#1054 = CARTESIAN_POINT('',(1.75,0.5,0.3));
#1055 = VECTOR('',#1056,1.);
#1056 = DIRECTION('',(-1.224646799147E-16,-1.,0.));
#1057 = ORIENTED_EDGE('',*,*,#1058,.T.);
#1058 = EDGE_CURVE('',#1051,#306,#1059,.T.);
#1059 = LINE('',#1060,#1061);
#1060 = CARTESIAN_POINT('',(1.75,-0.5,0.3));
#1061 = VECTOR('',#1062,1.);
#1062 = DIRECTION('',(-1.190457365237E-16,-0.972082208573,0.234640533104
    ));
#1063 = ORIENTED_EDGE('',*,*,#313,.T.);
#1064 = ORIENTED_EDGE('',*,*,#1025,.T.);
#1065 = PLANE('',#1066);
#1066 = AXIS2_PLACEMENT_3D('',#1067,#1068,#1069);
#1067 = CARTESIAN_POINT('',(1.75,-0.515451356496,0.330008245993));
#1068 = DIRECTION('',(1.,-1.224646799147E-16,-1.256256073143E-32));
#1069 = DIRECTION('',(-1.256256073143E-32,1.538469978883E-48,-1.));
#1070 = ADVANCED_FACE('',(#1071),#1089,.F.);
#1071 = FACE_BOUND('',#1072,.F.);
#1072 = EDGE_LOOP('',(#1073,#1081,#1082,#1083));
#1073 = ORIENTED_EDGE('',*,*,#1074,.T.);
#1074 = EDGE_CURVE('',#1075,#1051,#1077,.T.);
#1075 = VERTEX_POINT('',#1076);
#1076 = CARTESIAN_POINT('',(3.25,-0.5,0.3));
#1077 = LINE('',#1078,#1079);
#1078 = CARTESIAN_POINT('',(3.25,-0.5,0.3));
#1079 = VECTOR('',#1080,1.);
#1080 = DIRECTION('',(-1.,1.224646799147E-16,0.));
#1081 = ORIENTED_EDGE('',*,*,#1058,.T.);
#1082 = ORIENTED_EDGE('',*,*,#305,.F.);
#1083 = ORIENTED_EDGE('',*,*,#1084,.F.);
#1084 = EDGE_CURVE('',#1075,#298,#1085,.T.);
#1085 = LINE('',#1086,#1087);
#1086 = CARTESIAN_POINT('',(3.25,-0.5,0.3));
#1087 = VECTOR('',#1088,1.);
#1088 = DIRECTION('',(-1.190457365237E-16,-0.972082208573,0.234640533104
    ));
#1089 = PLANE('',#1090);
#1090 = AXIS2_PLACEMENT_3D('',#1091,#1092,#1093);
#1091 = CARTESIAN_POINT('',(3.25,-0.5,0.3));
#1092 = DIRECTION('',(2.87351777816E-17,0.234640533104,0.972082208573));
#1093 = DIRECTION('',(-1.190457365237E-16,-0.972082208573,0.234640533104
    ));
#1094 = ADVANCED_FACE('',(#1095),#1120,.F.);
#1095 = FACE_BOUND('',#1096,.F.);
#1096 = EDGE_LOOP('',(#1097,#1098,#1106,#1112,#1113,#1114));
#1097 = ORIENTED_EDGE('',*,*,#898,.T.);
#1098 = ORIENTED_EDGE('',*,*,#1099,.T.);
#1099 = EDGE_CURVE('',#891,#1100,#1102,.T.);
#1100 = VERTEX_POINT('',#1101);
#1101 = CARTESIAN_POINT('',(3.25,0.5,0.3));
#1102 = LINE('',#1103,#1104);
#1103 = CARTESIAN_POINT('',(3.25,2.35,1.));
#1104 = VECTOR('',#1105,1.);
#1105 = DIRECTION('',(-1.14539532148E-16,-0.935286257456,-0.353892097416
    ));
#1106 = ORIENTED_EDGE('',*,*,#1107,.T.);
#1107 = EDGE_CURVE('',#1100,#1075,#1108,.T.);
#1108 = LINE('',#1109,#1110);
#1109 = CARTESIAN_POINT('',(3.25,0.5,0.3));
#1110 = VECTOR('',#1111,1.);
#1111 = DIRECTION('',(-1.224646799147E-16,-1.,0.));
#1112 = ORIENTED_EDGE('',*,*,#1084,.T.);
#1113 = ORIENTED_EDGE('',*,*,#297,.T.);
#1114 = ORIENTED_EDGE('',*,*,#1115,.T.);
#1115 = EDGE_CURVE('',#290,#743,#1116,.T.);
#1116 = LINE('',#1117,#1118);
#1117 = CARTESIAN_POINT('',(3.25,-3.4,0.));
#1118 = VECTOR('',#1119,1.);
#1119 = DIRECTION('',(1.224646799147E-16,1.,0.));
#1120 = PLANE('',#1121);
#1121 = AXIS2_PLACEMENT_3D('',#1122,#1123,#1124);
#1122 = CARTESIAN_POINT('',(3.25,-0.515451356496,0.330008245993));
#1123 = DIRECTION('',(1.,-1.224646799147E-16,-1.256256073143E-32));
#1124 = DIRECTION('',(-1.256256073143E-32,1.538469978883E-48,-1.));
#1125 = ADVANCED_FACE('',(#1126),#1132,.F.);
#1126 = FACE_BOUND('',#1127,.F.);
#1127 = EDGE_LOOP('',(#1128,#1129,#1130,#1131));
#1128 = ORIENTED_EDGE('',*,*,#383,.T.);
#1129 = ORIENTED_EDGE('',*,*,#742,.T.);
#1130 = ORIENTED_EDGE('',*,*,#1115,.F.);
#1131 = ORIENTED_EDGE('',*,*,#289,.T.);
#1132 = PLANE('',#1133);
#1133 = AXIS2_PLACEMENT_3D('',#1134,#1135,#1136);
#1134 = CARTESIAN_POINT('',(1.25,-0.525,0.));
#1135 = DIRECTION('',(0.,0.,1.));
#1136 = DIRECTION('',(-1.,1.224646799147E-16,0.));
#1137 = ADVANCED_FACE('',(#1138),#1165,.F.);
#1138 = FACE_BOUND('',#1139,.F.);
#1139 = EDGE_LOOP('',(#1140,#1141,#1142,#1143,#1149,#1150,#1159));
#1140 = ORIENTED_EDGE('',*,*,#458,.T.);
#1141 = ORIENTED_EDGE('',*,*,#369,.F.);
#1142 = ORIENTED_EDGE('',*,*,#921,.T.);
#1143 = ORIENTED_EDGE('',*,*,#1144,.T.);
#1144 = EDGE_CURVE('',#914,#689,#1145,.T.);
#1145 = LINE('',#1146,#1147);
#1146 = CARTESIAN_POINT('',(4.1,-2.65,1.85));
#1147 = VECTOR('',#1148,1.);
#1148 = DIRECTION('',(1.224646799147E-16,1.,0.));
#1149 = ORIENTED_EDGE('',*,*,#696,.F.);
#1150 = ORIENTED_EDGE('',*,*,#1151,.F.);
#1151 = EDGE_CURVE('',#1152,#697,#1154,.T.);
#1152 = VERTEX_POINT('',#1153);
#1153 = CARTESIAN_POINT('',(4.1,1.,3.65));
#1154 = CIRCLE('',#1155,0.5);
#1155 = AXIS2_PLACEMENT_3D('',#1156,#1157,#1158);
#1156 = CARTESIAN_POINT('',(4.1,1.,4.15));
#1157 = DIRECTION('',(1.,-1.224646799147E-16,0.));
#1158 = DIRECTION('',(1.224646799147E-16,1.,0.));
#1159 = ORIENTED_EDGE('',*,*,#1160,.T.);
#1160 = EDGE_CURVE('',#1152,#451,#1161,.T.);
#1161 = LINE('',#1162,#1163);
#1162 = CARTESIAN_POINT('',(4.1,-0.825,3.65));
#1163 = VECTOR('',#1164,1.);
#1164 = DIRECTION('',(-1.224646799147E-16,-1.,0.));
#1165 = PLANE('',#1166);
#1166 = AXIS2_PLACEMENT_3D('',#1167,#1168,#1169);
#1167 = CARTESIAN_POINT('',(4.1,-2.65,7.));
#1168 = DIRECTION('',(1.,-1.224646799147E-16,0.));
#1169 = DIRECTION('',(1.224646799147E-16,1.,0.));
#1170 = ADVANCED_FACE('',(#1171),#1182,.T.);
#1171 = FACE_BOUND('',#1172,.T.);
#1172 = EDGE_LOOP('',(#1173,#1174,#1175,#1176));
#1173 = ORIENTED_EDGE('',*,*,#581,.F.);
#1174 = ORIENTED_EDGE('',*,*,#426,.T.);
#1175 = ORIENTED_EDGE('',*,*,#751,.T.);
#1176 = ORIENTED_EDGE('',*,*,#1177,.T.);
#1177 = EDGE_CURVE('',#752,#582,#1178,.T.);
#1178 = LINE('',#1179,#1180);
#1179 = CARTESIAN_POINT('',(3.,2.35,7.));
#1180 = VECTOR('',#1181,1.);
#1181 = DIRECTION('',(-1.224646799147E-16,-1.,0.));
#1182 = PLANE('',#1183);
#1183 = AXIS2_PLACEMENT_3D('',#1184,#1185,#1186);
#1184 = CARTESIAN_POINT('',(1.25,-0.525,7.));
#1185 = DIRECTION('',(0.,0.,1.));
#1186 = DIRECTION('',(-1.,1.224646799147E-16,0.));
#1187 = ADVANCED_FACE('',(#1188),#1199,.F.);
#1188 = FACE_BOUND('',#1189,.F.);
#1189 = EDGE_LOOP('',(#1190,#1196,#1197,#1198));
#1190 = ORIENTED_EDGE('',*,*,#1191,.T.);
#1191 = EDGE_CURVE('',#402,#1152,#1192,.T.);
#1192 = LINE('',#1193,#1194);
#1193 = CARTESIAN_POINT('',(4.95,1.,3.65));
#1194 = VECTOR('',#1195,1.);
#1195 = DIRECTION('',(-1.,1.224646799147E-16,0.));
#1196 = ORIENTED_EDGE('',*,*,#1151,.T.);
#1197 = ORIENTED_EDGE('',*,*,#704,.F.);
#1198 = ORIENTED_EDGE('',*,*,#409,.T.);
#1199 = CYLINDRICAL_SURFACE('',#1200,0.5);
#1200 = AXIS2_PLACEMENT_3D('',#1201,#1202,#1203);
#1201 = CARTESIAN_POINT('',(4.95,1.,4.15));
#1202 = DIRECTION('',(1.,-1.224646799147E-16,-0.));
#1203 = DIRECTION('',(1.224646799147E-16,1.,0.));
#1204 = ADVANCED_FACE('',(#1205),#1211,.T.);
#1205 = FACE_BOUND('',#1206,.T.);
#1206 = EDGE_LOOP('',(#1207,#1208,#1209,#1210));
#1207 = ORIENTED_EDGE('',*,*,#401,.F.);
#1208 = ORIENTED_EDGE('',*,*,#1191,.T.);
#1209 = ORIENTED_EDGE('',*,*,#1160,.T.);
#1210 = ORIENTED_EDGE('',*,*,#450,.F.);
#1211 = PLANE('',#1212);
#1212 = AXIS2_PLACEMENT_3D('',#1213,#1214,#1215);
#1213 = CARTESIAN_POINT('',(4.95,1.,3.65));
#1214 = DIRECTION('',(0.,0.,1.));
#1215 = DIRECTION('',(-1.224646799147E-16,-1.,0.));
#1216 = ADVANCED_FACE('',(#1217,#1223,#1257),#1291,.T.);
#1217 = FACE_BOUND('',#1218,.T.);
#1218 = EDGE_LOOP('',(#1219,#1220,#1221,#1222));
#1219 = ORIENTED_EDGE('',*,*,#688,.T.);
#1220 = ORIENTED_EDGE('',*,*,#499,.T.);
#1221 = ORIENTED_EDGE('',*,*,#913,.T.);
#1222 = ORIENTED_EDGE('',*,*,#1144,.T.);
#1223 = FACE_BOUND('',#1224,.T.);
#1224 = EDGE_LOOP('',(#1225,#1235,#1243,#1251));
#1225 = ORIENTED_EDGE('',*,*,#1226,.F.);
#1226 = EDGE_CURVE('',#1227,#1229,#1231,.T.);
#1227 = VERTEX_POINT('',#1228);
#1228 = CARTESIAN_POINT('',(-0.32,0.32,1.85));
#1229 = VERTEX_POINT('',#1230);
#1230 = CARTESIAN_POINT('',(-0.32,-0.32,1.85));
#1231 = LINE('',#1232,#1233);
#1232 = CARTESIAN_POINT('',(-0.32,-0.26920299558,1.85));
#1233 = VECTOR('',#1234,1.);
#1234 = DIRECTION('',(-1.224646799147E-16,-1.,0.));
#1235 = ORIENTED_EDGE('',*,*,#1236,.T.);
#1236 = EDGE_CURVE('',#1227,#1237,#1239,.T.);
#1237 = VERTEX_POINT('',#1238);
#1238 = CARTESIAN_POINT('',(0.32,0.32,1.85));
#1239 = LINE('',#1240,#1241);
#1240 = CARTESIAN_POINT('',(0.785,0.32,1.85));
#1241 = VECTOR('',#1242,1.);
#1242 = DIRECTION('',(1.,-1.224646799147E-16,0.));
#1243 = ORIENTED_EDGE('',*,*,#1244,.T.);
#1244 = EDGE_CURVE('',#1237,#1245,#1247,.T.);
#1245 = VERTEX_POINT('',#1246);
#1246 = CARTESIAN_POINT('',(0.32,-0.32,1.85));
#1247 = LINE('',#1248,#1249);
#1248 = CARTESIAN_POINT('',(0.32,-0.26920299558,1.85));
#1249 = VECTOR('',#1250,1.);
#1250 = DIRECTION('',(-1.224646799147E-16,-1.,0.));
#1251 = ORIENTED_EDGE('',*,*,#1252,.T.);
#1252 = EDGE_CURVE('',#1245,#1229,#1253,.T.);
#1253 = LINE('',#1254,#1255);
#1254 = CARTESIAN_POINT('',(0.785,-0.32,1.85));
#1255 = VECTOR('',#1256,1.);
#1256 = DIRECTION('',(-1.,1.224646799147E-16,0.));
#1257 = FACE_BOUND('',#1258,.T.);
#1258 = EDGE_LOOP('',(#1259,#1269,#1277,#1285));
#1259 = ORIENTED_EDGE('',*,*,#1260,.F.);
#1260 = EDGE_CURVE('',#1261,#1263,#1265,.T.);
#1261 = VERTEX_POINT('',#1262);
#1262 = CARTESIAN_POINT('',(2.18,0.32,1.85));
#1263 = VERTEX_POINT('',#1264);
#1264 = CARTESIAN_POINT('',(2.18,-0.32,1.85));
#1265 = LINE('',#1266,#1267);
#1266 = CARTESIAN_POINT('',(2.18,-0.26920299558,1.85));
#1267 = VECTOR('',#1268,1.);
#1268 = DIRECTION('',(-1.224646799147E-16,-1.,0.));
#1269 = ORIENTED_EDGE('',*,*,#1270,.T.);
#1270 = EDGE_CURVE('',#1261,#1271,#1273,.T.);
#1271 = VERTEX_POINT('',#1272);
#1272 = CARTESIAN_POINT('',(2.82,0.32,1.85));
#1273 = LINE('',#1274,#1275);
#1274 = CARTESIAN_POINT('',(2.035,0.32,1.85));
#1275 = VECTOR('',#1276,1.);
#1276 = DIRECTION('',(1.,-1.224646799147E-16,0.));
#1277 = ORIENTED_EDGE('',*,*,#1278,.T.);
#1278 = EDGE_CURVE('',#1271,#1279,#1281,.T.);
#1279 = VERTEX_POINT('',#1280);
#1280 = CARTESIAN_POINT('',(2.82,-0.32,1.85));
#1281 = LINE('',#1282,#1283);
#1282 = CARTESIAN_POINT('',(2.82,-0.26920299558,1.85));
#1283 = VECTOR('',#1284,1.);
#1284 = DIRECTION('',(-1.224646799147E-16,-1.,0.));
#1285 = ORIENTED_EDGE('',*,*,#1286,.T.);
#1286 = EDGE_CURVE('',#1279,#1263,#1287,.T.);
#1287 = LINE('',#1288,#1289);
#1288 = CARTESIAN_POINT('',(2.035,-0.32,1.85));
#1289 = VECTOR('',#1290,1.);
#1290 = DIRECTION('',(-1.,1.224646799147E-16,0.));
#1291 = PLANE('',#1292);
#1292 = AXIS2_PLACEMENT_3D('',#1293,#1294,#1295);
#1293 = CARTESIAN_POINT('',(1.25,-0.575,1.85));
#1294 = DIRECTION('',(0.,0.,1.));
#1295 = DIRECTION('',(-1.,1.224646799147E-16,0.));
#1296 = ADVANCED_FACE('',(#1297),#1308,.F.);
#1297 = FACE_BOUND('',#1298,.F.);
#1298 = EDGE_LOOP('',(#1299,#1300,#1306,#1307));
#1299 = ORIENTED_EDGE('',*,*,#841,.F.);
#1300 = ORIENTED_EDGE('',*,*,#1301,.T.);
#1301 = EDGE_CURVE('',#834,#664,#1302,.T.);
#1302 = LINE('',#1303,#1304);
#1303 = CARTESIAN_POINT('',(-0.5,2.35,6.1));
#1304 = VECTOR('',#1305,1.);
#1305 = DIRECTION('',(-1.224646799147E-16,-1.,0.));
#1306 = ORIENTED_EDGE('',*,*,#671,.F.);
#1307 = ORIENTED_EDGE('',*,*,#719,.F.);
#1308 = PLANE('',#1309);
#1309 = AXIS2_PLACEMENT_3D('',#1310,#1311,#1312);
#1310 = CARTESIAN_POINT('',(-0.5,2.35,6.1));
#1311 = DIRECTION('',(-1.,1.224646799147E-16,0.));
#1312 = DIRECTION('',(0.,0.,1.));
#1313 = ADVANCED_FACE('',(#1314),#1325,.F.);
#1314 = FACE_BOUND('',#1315,.F.);
#1315 = EDGE_LOOP('',(#1316,#1317,#1323,#1324));
#1316 = ORIENTED_EDGE('',*,*,#833,.F.);
#1317 = ORIENTED_EDGE('',*,*,#1318,.T.);
#1318 = EDGE_CURVE('',#826,#656,#1319,.T.);
#1319 = LINE('',#1320,#1321);
#1320 = CARTESIAN_POINT('',(-0.25,2.35,5.85));
#1321 = VECTOR('',#1322,1.);
#1322 = DIRECTION('',(-1.224646799147E-16,-1.,0.));
#1323 = ORIENTED_EDGE('',*,*,#663,.F.);
#1324 = ORIENTED_EDGE('',*,*,#1301,.F.);
#1325 = PLANE('',#1326);
#1326 = AXIS2_PLACEMENT_3D('',#1327,#1328,#1329);
#1327 = CARTESIAN_POINT('',(-0.25,2.35,5.85));
#1328 = DIRECTION('',(-0.707106781187,8.659560562349E-17,-0.707106781187
    ));
#1329 = DIRECTION('',(-0.707106781187,8.659560562349E-17,0.707106781187)
  );
#1330 = ADVANCED_FACE('',(#1331),#1342,.F.);
#1331 = FACE_BOUND('',#1332,.F.);
#1332 = EDGE_LOOP('',(#1333,#1334,#1340,#1341));
#1333 = ORIENTED_EDGE('',*,*,#825,.F.);
#1334 = ORIENTED_EDGE('',*,*,#1335,.T.);
#1335 = EDGE_CURVE('',#818,#648,#1336,.T.);
#1336 = LINE('',#1337,#1338);
#1337 = CARTESIAN_POINT('',(-0.5,2.35,5.6));
#1338 = VECTOR('',#1339,1.);
#1339 = DIRECTION('',(-1.224646799147E-16,-1.,0.));
#1340 = ORIENTED_EDGE('',*,*,#655,.F.);
#1341 = ORIENTED_EDGE('',*,*,#1318,.F.);
#1342 = PLANE('',#1343);
#1343 = AXIS2_PLACEMENT_3D('',#1344,#1345,#1346);
#1344 = CARTESIAN_POINT('',(-0.5,2.35,5.6));
#1345 = DIRECTION('',(-0.707106781187,8.659560562349E-17,0.707106781187)
  );
#1346 = DIRECTION('',(0.707106781187,-8.659560562349E-17,0.707106781187)
  );
#1347 = ADVANCED_FACE('',(#1348),#1359,.F.);
#1348 = FACE_BOUND('',#1349,.F.);
#1349 = EDGE_LOOP('',(#1350,#1351,#1357,#1358));
#1350 = ORIENTED_EDGE('',*,*,#817,.F.);
#1351 = ORIENTED_EDGE('',*,*,#1352,.T.);
#1352 = EDGE_CURVE('',#809,#639,#1353,.T.);
#1353 = LINE('',#1354,#1355);
#1354 = CARTESIAN_POINT('',(-0.5,2.35,3.85));
#1355 = VECTOR('',#1356,1.);
#1356 = DIRECTION('',(-1.224646799147E-16,-1.,0.));
#1357 = ORIENTED_EDGE('',*,*,#647,.F.);
#1358 = ORIENTED_EDGE('',*,*,#1335,.F.);
#1359 = PLANE('',#1360);
#1360 = AXIS2_PLACEMENT_3D('',#1361,#1362,#1363);
#1361 = CARTESIAN_POINT('',(-0.5,2.35,3.1));
#1362 = DIRECTION('',(-1.,1.224646799147E-16,0.));
#1363 = DIRECTION('',(0.,0.,1.));
#1364 = ADVANCED_FACE('',(#1365),#1376,.F.);
#1365 = FACE_BOUND('',#1366,.F.);
#1366 = EDGE_LOOP('',(#1367,#1368,#1369,#1370));
#1367 = ORIENTED_EDGE('',*,*,#638,.F.);
#1368 = ORIENTED_EDGE('',*,*,#1352,.F.);
#1369 = ORIENTED_EDGE('',*,*,#808,.F.);
#1370 = ORIENTED_EDGE('',*,*,#1371,.T.);
#1371 = EDGE_CURVE('',#801,#631,#1372,.T.);
#1372 = LINE('',#1373,#1374);
#1373 = CARTESIAN_POINT('',(0.25,2.35,3.1));
#1374 = VECTOR('',#1375,1.);
#1375 = DIRECTION('',(-1.224646799147E-16,-1.,0.));
#1376 = CYLINDRICAL_SURFACE('',#1377,0.75);
#1377 = AXIS2_PLACEMENT_3D('',#1378,#1379,#1380);
#1378 = CARTESIAN_POINT('',(0.25,2.35,3.85));
#1379 = DIRECTION('',(-1.224646799147E-16,-1.,0.));
#1380 = DIRECTION('',(-0.,0.,-1.));
#1381 = ADVANCED_FACE('',(#1382),#1393,.F.);
#1382 = FACE_BOUND('',#1383,.F.);
#1383 = EDGE_LOOP('',(#1384,#1385,#1386,#1392));
#1384 = ORIENTED_EDGE('',*,*,#1371,.F.);
#1385 = ORIENTED_EDGE('',*,*,#800,.T.);
#1386 = ORIENTED_EDGE('',*,*,#1387,.T.);
#1387 = EDGE_CURVE('',#792,#622,#1388,.T.);
#1388 = LINE('',#1389,#1390);
#1389 = CARTESIAN_POINT('',(2.25,2.35,3.1));
#1390 = VECTOR('',#1391,1.);
#1391 = DIRECTION('',(-1.224646799147E-16,-1.,0.));
#1392 = ORIENTED_EDGE('',*,*,#630,.F.);
#1393 = PLANE('',#1394);
#1394 = AXIS2_PLACEMENT_3D('',#1395,#1396,#1397);
#1395 = CARTESIAN_POINT('',(1.25,1.85,3.1));
#1396 = DIRECTION('',(1.288101310069E-46,1.051814540295E-30,-1.));
#1397 = DIRECTION('',(1.224646799147E-16,1.,1.051814540295E-30));
#1398 = ADVANCED_FACE('',(#1399),#1410,.F.);
#1399 = FACE_BOUND('',#1400,.F.);
#1400 = EDGE_LOOP('',(#1401,#1402,#1403,#1409));
#1401 = ORIENTED_EDGE('',*,*,#1387,.F.);
#1402 = ORIENTED_EDGE('',*,*,#791,.T.);
#1403 = ORIENTED_EDGE('',*,*,#1404,.T.);
#1404 = EDGE_CURVE('',#784,#614,#1405,.T.);
#1405 = LINE('',#1406,#1407);
#1406 = CARTESIAN_POINT('',(3.,2.35,3.85));
#1407 = VECTOR('',#1408,1.);
#1408 = DIRECTION('',(-1.224646799147E-16,-1.,0.));
#1409 = ORIENTED_EDGE('',*,*,#621,.F.);
#1410 = CYLINDRICAL_SURFACE('',#1411,0.75);
#1411 = AXIS2_PLACEMENT_3D('',#1412,#1413,#1414);
#1412 = CARTESIAN_POINT('',(2.25,2.35,3.85));
#1413 = DIRECTION('',(-1.224646799147E-16,-1.,0.));
#1414 = DIRECTION('',(0.,-0.,-1.));
#1415 = ADVANCED_FACE('',(#1416),#1427,.T.);
#1416 = FACE_BOUND('',#1417,.T.);
#1417 = EDGE_LOOP('',(#1418,#1419,#1420,#1421));
#1418 = ORIENTED_EDGE('',*,*,#783,.F.);
#1419 = ORIENTED_EDGE('',*,*,#1404,.T.);
#1420 = ORIENTED_EDGE('',*,*,#613,.F.);
#1421 = ORIENTED_EDGE('',*,*,#1422,.F.);
#1422 = EDGE_CURVE('',#776,#606,#1423,.T.);
#1423 = LINE('',#1424,#1425);
#1424 = CARTESIAN_POINT('',(3.,2.35,5.6));
#1425 = VECTOR('',#1426,1.);
#1426 = DIRECTION('',(-1.224646799147E-16,-1.,0.));
#1427 = PLANE('',#1428);
#1428 = AXIS2_PLACEMENT_3D('',#1429,#1430,#1431);
#1429 = CARTESIAN_POINT('',(3.,2.35,3.1));
#1430 = DIRECTION('',(-1.,1.224646799147E-16,0.));
#1431 = DIRECTION('',(0.,0.,1.));
#1432 = ADVANCED_FACE('',(#1433),#1444,.T.);
#1433 = FACE_BOUND('',#1434,.T.);
#1434 = EDGE_LOOP('',(#1435,#1436,#1437,#1438));
#1435 = ORIENTED_EDGE('',*,*,#775,.F.);
#1436 = ORIENTED_EDGE('',*,*,#1422,.T.);
#1437 = ORIENTED_EDGE('',*,*,#605,.F.);
#1438 = ORIENTED_EDGE('',*,*,#1439,.F.);
#1439 = EDGE_CURVE('',#768,#598,#1440,.T.);
#1440 = LINE('',#1441,#1442);
#1441 = CARTESIAN_POINT('',(2.75,2.35,5.85));
#1442 = VECTOR('',#1443,1.);
#1443 = DIRECTION('',(-1.224646799147E-16,-1.,0.));
#1444 = PLANE('',#1445);
#1445 = AXIS2_PLACEMENT_3D('',#1446,#1447,#1448);
#1446 = CARTESIAN_POINT('',(3.,2.35,5.6));
#1447 = DIRECTION('',(-0.707106781187,8.659560562349E-17,-0.707106781187
    ));
#1448 = DIRECTION('',(-0.707106781187,8.659560562349E-17,0.707106781187)
  );
#1449 = ADVANCED_FACE('',(#1450),#1461,.T.);
#1450 = FACE_BOUND('',#1451,.T.);
#1451 = EDGE_LOOP('',(#1452,#1453,#1454,#1455));
#1452 = ORIENTED_EDGE('',*,*,#767,.F.);
#1453 = ORIENTED_EDGE('',*,*,#1439,.T.);
#1454 = ORIENTED_EDGE('',*,*,#597,.F.);
#1455 = ORIENTED_EDGE('',*,*,#1456,.F.);
#1456 = EDGE_CURVE('',#760,#590,#1457,.T.);
#1457 = LINE('',#1458,#1459);
#1458 = CARTESIAN_POINT('',(3.,2.35,6.1));
#1459 = VECTOR('',#1460,1.);
#1460 = DIRECTION('',(-1.224646799147E-16,-1.,0.));
#1461 = PLANE('',#1462);
#1462 = AXIS2_PLACEMENT_3D('',#1463,#1464,#1465);
#1463 = CARTESIAN_POINT('',(2.75,2.35,5.85));
#1464 = DIRECTION('',(-0.707106781187,8.659560562349E-17,0.707106781187)
  );
#1465 = DIRECTION('',(0.707106781187,-8.659560562349E-17,0.707106781187)
  );
#1466 = ADVANCED_FACE('',(#1467),#1473,.T.);
#1467 = FACE_BOUND('',#1468,.T.);
#1468 = EDGE_LOOP('',(#1469,#1470,#1471,#1472));
#1469 = ORIENTED_EDGE('',*,*,#759,.F.);
#1470 = ORIENTED_EDGE('',*,*,#1456,.T.);
#1471 = ORIENTED_EDGE('',*,*,#589,.F.);
#1472 = ORIENTED_EDGE('',*,*,#1177,.F.);
#1473 = PLANE('',#1474);
#1474 = AXIS2_PLACEMENT_3D('',#1475,#1476,#1477);
#1475 = CARTESIAN_POINT('',(3.,2.35,6.1));
#1476 = DIRECTION('',(-1.,1.224646799147E-16,2.467162276945E-16));
#1477 = DIRECTION('',(2.467162276945E-16,-3.021402385438E-32,1.));
#1478 = ADVANCED_FACE('',(#1479),#1490,.F.);
#1479 = FACE_BOUND('',#1480,.F.);
#1480 = EDGE_LOOP('',(#1481,#1482,#1483,#1489));
#1481 = ORIENTED_EDGE('',*,*,#890,.T.);
#1482 = ORIENTED_EDGE('',*,*,#1042,.T.);
#1483 = ORIENTED_EDGE('',*,*,#1484,.F.);
#1484 = EDGE_CURVE('',#1100,#1043,#1485,.T.);
#1485 = LINE('',#1486,#1487);
#1486 = CARTESIAN_POINT('',(3.25,0.5,0.3));
#1487 = VECTOR('',#1488,1.);
#1488 = DIRECTION('',(-1.,1.224646799147E-16,0.));
#1489 = ORIENTED_EDGE('',*,*,#1099,.F.);
#1490 = PLANE('',#1491);
#1491 = AXIS2_PLACEMENT_3D('',#1492,#1493,#1494);
#1492 = CARTESIAN_POINT('',(3.25,2.35,1.));
#1493 = DIRECTION('',(-4.33392824344E-17,-0.353892097416,0.935286257456)
  );
#1494 = DIRECTION('',(-1.14539532148E-16,-0.935286257456,-0.353892097416
    ));
#1495 = ADVANCED_FACE('',(#1496),#1507,.F.);
#1496 = FACE_BOUND('',#1497,.F.);
#1497 = EDGE_LOOP('',(#1498,#1499,#1500,#1506));
#1498 = ORIENTED_EDGE('',*,*,#858,.T.);
#1499 = ORIENTED_EDGE('',*,*,#937,.T.);
#1500 = ORIENTED_EDGE('',*,*,#1501,.F.);
#1501 = EDGE_CURVE('',#995,#938,#1502,.T.);
#1502 = LINE('',#1503,#1504);
#1503 = CARTESIAN_POINT('',(0.75,0.5,0.3));
#1504 = VECTOR('',#1505,1.);
#1505 = DIRECTION('',(-1.,1.224646799147E-16,0.));
#1506 = ORIENTED_EDGE('',*,*,#994,.F.);
#1507 = PLANE('',#1508);
#1508 = AXIS2_PLACEMENT_3D('',#1509,#1510,#1511);
#1509 = CARTESIAN_POINT('',(0.75,2.35,1.));
#1510 = DIRECTION('',(-4.33392824344E-17,-0.353892097416,0.935286257456)
  );
#1511 = DIRECTION('',(-1.14539532148E-16,-0.935286257456,-0.353892097416
    ));
#1512 = ADVANCED_FACE('',(#1513,#1519),#1553,.F.);
#1513 = FACE_BOUND('',#1514,.F.);
#1514 = EDGE_LOOP('',(#1515,#1516,#1517,#1518));
#1515 = ORIENTED_EDGE('',*,*,#1501,.T.);
#1516 = ORIENTED_EDGE('',*,*,#945,.T.);
#1517 = ORIENTED_EDGE('',*,*,#969,.F.);
#1518 = ORIENTED_EDGE('',*,*,#1002,.F.);
#1519 = FACE_BOUND('',#1520,.F.);
#1520 = EDGE_LOOP('',(#1521,#1531,#1539,#1547));
#1521 = ORIENTED_EDGE('',*,*,#1522,.F.);
#1522 = EDGE_CURVE('',#1523,#1525,#1527,.T.);
#1523 = VERTEX_POINT('',#1524);
#1524 = CARTESIAN_POINT('',(-0.32,0.32,0.3));
#1525 = VERTEX_POINT('',#1526);
#1526 = CARTESIAN_POINT('',(-0.32,-0.32,0.3));
#1527 = LINE('',#1528,#1529);
#1528 = CARTESIAN_POINT('',(-0.32,0.26829700442,0.3));
#1529 = VECTOR('',#1530,1.);
#1530 = DIRECTION('',(-1.224646799147E-16,-1.,0.));
#1531 = ORIENTED_EDGE('',*,*,#1532,.T.);
#1532 = EDGE_CURVE('',#1523,#1533,#1535,.T.);
#1533 = VERTEX_POINT('',#1534);
#1534 = CARTESIAN_POINT('',(0.32,0.32,0.3));
#1535 = LINE('',#1536,#1537);
#1536 = CARTESIAN_POINT('',(0.535,0.32,0.3));
#1537 = VECTOR('',#1538,1.);
#1538 = DIRECTION('',(1.,-1.224646799147E-16,0.));
#1539 = ORIENTED_EDGE('',*,*,#1540,.T.);
#1540 = EDGE_CURVE('',#1533,#1541,#1543,.T.);
#1541 = VERTEX_POINT('',#1542);
#1542 = CARTESIAN_POINT('',(0.32,-0.32,0.3));
#1543 = LINE('',#1544,#1545);
#1544 = CARTESIAN_POINT('',(0.32,0.26829700442,0.3));
#1545 = VECTOR('',#1546,1.);
#1546 = DIRECTION('',(-1.224646799147E-16,-1.,0.));
#1547 = ORIENTED_EDGE('',*,*,#1548,.T.);
#1548 = EDGE_CURVE('',#1541,#1525,#1549,.T.);
#1549 = LINE('',#1550,#1551);
#1550 = CARTESIAN_POINT('',(0.535,-0.32,0.3));
#1551 = VECTOR('',#1552,1.);
#1552 = DIRECTION('',(-1.,1.224646799147E-16,0.));
#1553 = PLANE('',#1554);
#1554 = AXIS2_PLACEMENT_3D('',#1555,#1556,#1557);
#1555 = CARTESIAN_POINT('',(0.75,0.5,0.3));
#1556 = DIRECTION('',(0.,0.,1.));
#1557 = DIRECTION('',(-1.224646799147E-16,-1.,0.));
#1558 = ADVANCED_FACE('',(#1559,#1565),#1599,.F.);
#1559 = FACE_BOUND('',#1560,.F.);
#1560 = EDGE_LOOP('',(#1561,#1562,#1563,#1564));
#1561 = ORIENTED_EDGE('',*,*,#1484,.T.);
#1562 = ORIENTED_EDGE('',*,*,#1050,.T.);
#1563 = ORIENTED_EDGE('',*,*,#1074,.F.);
#1564 = ORIENTED_EDGE('',*,*,#1107,.F.);
#1565 = FACE_BOUND('',#1566,.F.);
#1566 = EDGE_LOOP('',(#1567,#1577,#1585,#1593));
#1567 = ORIENTED_EDGE('',*,*,#1568,.F.);
#1568 = EDGE_CURVE('',#1569,#1571,#1573,.T.);
#1569 = VERTEX_POINT('',#1570);
#1570 = CARTESIAN_POINT('',(2.18,0.32,0.3));
#1571 = VERTEX_POINT('',#1572);
#1572 = CARTESIAN_POINT('',(2.18,-0.32,0.3));
#1573 = LINE('',#1574,#1575);
#1574 = CARTESIAN_POINT('',(2.18,0.26829700442,0.3));
#1575 = VECTOR('',#1576,1.);
#1576 = DIRECTION('',(-1.224646799147E-16,-1.,0.));
#1577 = ORIENTED_EDGE('',*,*,#1578,.T.);
#1578 = EDGE_CURVE('',#1569,#1579,#1581,.T.);
#1579 = VERTEX_POINT('',#1580);
#1580 = CARTESIAN_POINT('',(2.82,0.32,0.3));
#1581 = LINE('',#1582,#1583);
#1582 = CARTESIAN_POINT('',(3.035,0.32,0.3));
#1583 = VECTOR('',#1584,1.);
#1584 = DIRECTION('',(1.,-1.224646799147E-16,0.));
#1585 = ORIENTED_EDGE('',*,*,#1586,.T.);
#1586 = EDGE_CURVE('',#1579,#1587,#1589,.T.);
#1587 = VERTEX_POINT('',#1588);
#1588 = CARTESIAN_POINT('',(2.82,-0.32,0.3));
#1589 = LINE('',#1590,#1591);
#1590 = CARTESIAN_POINT('',(2.82,0.26829700442,0.3));
#1591 = VECTOR('',#1592,1.);
#1592 = DIRECTION('',(-1.224646799147E-16,-1.,0.));
#1593 = ORIENTED_EDGE('',*,*,#1594,.T.);
#1594 = EDGE_CURVE('',#1587,#1571,#1595,.T.);
#1595 = LINE('',#1596,#1597);
#1596 = CARTESIAN_POINT('',(3.035,-0.32,0.3));
#1597 = VECTOR('',#1598,1.);
#1598 = DIRECTION('',(-1.,1.224646799147E-16,0.));
#1599 = PLANE('',#1600);
#1600 = AXIS2_PLACEMENT_3D('',#1601,#1602,#1603);
#1601 = CARTESIAN_POINT('',(3.25,0.5,0.3));
#1602 = DIRECTION('',(0.,0.,1.));
#1603 = DIRECTION('',(-1.224646799147E-16,-1.,0.));
#1604 = ADVANCED_FACE('',(#1605),#1630,.T.);
#1605 = FACE_BOUND('',#1606,.T.);
#1606 = EDGE_LOOP('',(#1607,#1608,#1616,#1624));
#1607 = ORIENTED_EDGE('',*,*,#1226,.T.);
#1608 = ORIENTED_EDGE('',*,*,#1609,.T.);
#1609 = EDGE_CURVE('',#1229,#1610,#1612,.T.);
#1610 = VERTEX_POINT('',#1611);
#1611 = CARTESIAN_POINT('',(-0.32,-0.32,6.3));
#1612 = LINE('',#1613,#1614);
#1613 = CARTESIAN_POINT('',(-0.32,-0.32,-0.9));
#1614 = VECTOR('',#1615,1.);
#1615 = DIRECTION('',(0.,0.,1.));
#1616 = ORIENTED_EDGE('',*,*,#1617,.T.);
#1617 = EDGE_CURVE('',#1610,#1618,#1620,.T.);
#1618 = VERTEX_POINT('',#1619);
#1619 = CARTESIAN_POINT('',(-0.32,0.32,6.3));
#1620 = LINE('',#1621,#1622);
#1621 = CARTESIAN_POINT('',(-0.32,-0.32,6.3));
#1622 = VECTOR('',#1623,1.);
#1623 = DIRECTION('',(1.224646799147E-16,1.,0.));
#1624 = ORIENTED_EDGE('',*,*,#1625,.T.);
#1625 = EDGE_CURVE('',#1618,#1227,#1626,.T.);
#1626 = LINE('',#1627,#1628);
#1627 = CARTESIAN_POINT('',(-0.32,0.32,6.5));
#1628 = VECTOR('',#1629,1.);
#1629 = DIRECTION('',(-0.,0.,-1.));
#1630 = PLANE('',#1631);
#1631 = AXIS2_PLACEMENT_3D('',#1632,#1633,#1634);
#1632 = CARTESIAN_POINT('',(-0.32,3.65940088399E-02,1.522832428212));
#1633 = DIRECTION('',(-1.,1.224646799147E-16,0.));
#1634 = DIRECTION('',(0.,0.,1.));
#1635 = ADVANCED_FACE('',(#1636),#1654,.F.);
#1636 = FACE_BOUND('',#1637,.F.);
#1637 = EDGE_LOOP('',(#1638,#1646,#1647,#1648));
#1638 = ORIENTED_EDGE('',*,*,#1639,.F.);
#1639 = EDGE_CURVE('',#1245,#1640,#1642,.T.);
#1640 = VERTEX_POINT('',#1641);
#1641 = CARTESIAN_POINT('',(0.32,-0.32,6.3));
#1642 = LINE('',#1643,#1644);
#1643 = CARTESIAN_POINT('',(0.32,-0.32,-0.9));
#1644 = VECTOR('',#1645,1.);
#1645 = DIRECTION('',(0.,0.,1.));
#1646 = ORIENTED_EDGE('',*,*,#1252,.T.);
#1647 = ORIENTED_EDGE('',*,*,#1609,.T.);
#1648 = ORIENTED_EDGE('',*,*,#1649,.F.);
#1649 = EDGE_CURVE('',#1640,#1610,#1650,.T.);
#1650 = LINE('',#1651,#1652);
#1651 = CARTESIAN_POINT('',(0.32,-0.32,6.3));
#1652 = VECTOR('',#1653,1.);
#1653 = DIRECTION('',(-1.,1.224646799147E-16,0.));
#1654 = PLANE('',#1655);
#1655 = AXIS2_PLACEMENT_3D('',#1656,#1657,#1658);
#1656 = CARTESIAN_POINT('',(0.32,-0.32,-0.9));
#1657 = DIRECTION('',(1.224646799147E-16,1.,0.));
#1658 = DIRECTION('',(0.,-0.,1.));
#1659 = ADVANCED_FACE('',(#1660),#1678,.F.);
#1660 = FACE_BOUND('',#1661,.F.);
#1661 = EDGE_LOOP('',(#1662,#1663,#1664,#1672));
#1662 = ORIENTED_EDGE('',*,*,#1244,.T.);
#1663 = ORIENTED_EDGE('',*,*,#1639,.T.);
#1664 = ORIENTED_EDGE('',*,*,#1665,.T.);
#1665 = EDGE_CURVE('',#1640,#1666,#1668,.T.);
#1666 = VERTEX_POINT('',#1667);
#1667 = CARTESIAN_POINT('',(0.32,0.32,6.3));
#1668 = LINE('',#1669,#1670);
#1669 = CARTESIAN_POINT('',(0.32,-0.32,6.3));
#1670 = VECTOR('',#1671,1.);
#1671 = DIRECTION('',(1.224646799147E-16,1.,0.));
#1672 = ORIENTED_EDGE('',*,*,#1673,.T.);
#1673 = EDGE_CURVE('',#1666,#1237,#1674,.T.);
#1674 = LINE('',#1675,#1676);
#1675 = CARTESIAN_POINT('',(0.32,0.32,6.5));
#1676 = VECTOR('',#1677,1.);
#1677 = DIRECTION('',(-0.,0.,-1.));
#1678 = PLANE('',#1679);
#1679 = AXIS2_PLACEMENT_3D('',#1680,#1681,#1682);
#1680 = CARTESIAN_POINT('',(0.32,3.65940088399E-02,1.522832428212));
#1681 = DIRECTION('',(-1.,1.224646799147E-16,0.));
#1682 = DIRECTION('',(0.,0.,1.));
#1683 = ADVANCED_FACE('',(#1684),#1695,.F.);
#1684 = FACE_BOUND('',#1685,.F.);
#1685 = EDGE_LOOP('',(#1686,#1687,#1693,#1694));
#1686 = ORIENTED_EDGE('',*,*,#1673,.F.);
#1687 = ORIENTED_EDGE('',*,*,#1688,.T.);
#1688 = EDGE_CURVE('',#1666,#1618,#1689,.T.);
#1689 = LINE('',#1690,#1691);
#1690 = CARTESIAN_POINT('',(0.32,0.32,6.3));
#1691 = VECTOR('',#1692,1.);
#1692 = DIRECTION('',(-1.,1.224646799147E-16,0.));
#1693 = ORIENTED_EDGE('',*,*,#1625,.T.);
#1694 = ORIENTED_EDGE('',*,*,#1236,.T.);
#1695 = PLANE('',#1696);
#1696 = AXIS2_PLACEMENT_3D('',#1697,#1698,#1699);
#1697 = CARTESIAN_POINT('',(0.32,0.32,6.5));
#1698 = DIRECTION('',(-1.224646799147E-16,-1.,0.));
#1699 = DIRECTION('',(-0.,0.,-1.));
#1700 = ADVANCED_FACE('',(#1701),#1726,.T.);
#1701 = FACE_BOUND('',#1702,.T.);
#1702 = EDGE_LOOP('',(#1703,#1704,#1712,#1720));
#1703 = ORIENTED_EDGE('',*,*,#1260,.T.);
#1704 = ORIENTED_EDGE('',*,*,#1705,.T.);
#1705 = EDGE_CURVE('',#1263,#1706,#1708,.T.);
#1706 = VERTEX_POINT('',#1707);
#1707 = CARTESIAN_POINT('',(2.18,-0.32,6.3));
#1708 = LINE('',#1709,#1710);
#1709 = CARTESIAN_POINT('',(2.18,-0.32,-0.9));
#1710 = VECTOR('',#1711,1.);
#1711 = DIRECTION('',(0.,0.,1.));
#1712 = ORIENTED_EDGE('',*,*,#1713,.T.);
#1713 = EDGE_CURVE('',#1706,#1714,#1716,.T.);
#1714 = VERTEX_POINT('',#1715);
#1715 = CARTESIAN_POINT('',(2.18,0.32,6.3));
#1716 = LINE('',#1717,#1718);
#1717 = CARTESIAN_POINT('',(2.18,-0.32,6.3));
#1718 = VECTOR('',#1719,1.);
#1719 = DIRECTION('',(1.224646799147E-16,1.,0.));
#1720 = ORIENTED_EDGE('',*,*,#1721,.T.);
#1721 = EDGE_CURVE('',#1714,#1261,#1722,.T.);
#1722 = LINE('',#1723,#1724);
#1723 = CARTESIAN_POINT('',(2.18,0.32,6.5));
#1724 = VECTOR('',#1725,1.);
#1725 = DIRECTION('',(-0.,0.,-1.));
#1726 = PLANE('',#1727);
#1727 = AXIS2_PLACEMENT_3D('',#1728,#1729,#1730);
#1728 = CARTESIAN_POINT('',(2.18,3.65940088399E-02,1.522832428212));
#1729 = DIRECTION('',(-1.,1.224646799147E-16,0.));
#1730 = DIRECTION('',(0.,0.,1.));
#1731 = ADVANCED_FACE('',(#1732),#1750,.F.);
#1732 = FACE_BOUND('',#1733,.F.);
#1733 = EDGE_LOOP('',(#1734,#1742,#1743,#1744));
#1734 = ORIENTED_EDGE('',*,*,#1735,.F.);
#1735 = EDGE_CURVE('',#1279,#1736,#1738,.T.);
#1736 = VERTEX_POINT('',#1737);
#1737 = CARTESIAN_POINT('',(2.82,-0.32,6.3));
#1738 = LINE('',#1739,#1740);
#1739 = CARTESIAN_POINT('',(2.82,-0.32,-0.9));
#1740 = VECTOR('',#1741,1.);
#1741 = DIRECTION('',(0.,0.,1.));
#1742 = ORIENTED_EDGE('',*,*,#1286,.T.);
#1743 = ORIENTED_EDGE('',*,*,#1705,.T.);
#1744 = ORIENTED_EDGE('',*,*,#1745,.F.);
#1745 = EDGE_CURVE('',#1736,#1706,#1746,.T.);
#1746 = LINE('',#1747,#1748);
#1747 = CARTESIAN_POINT('',(2.82,-0.32,6.3));
#1748 = VECTOR('',#1749,1.);
#1749 = DIRECTION('',(-1.,1.224646799147E-16,0.));
#1750 = PLANE('',#1751);
#1751 = AXIS2_PLACEMENT_3D('',#1752,#1753,#1754);
#1752 = CARTESIAN_POINT('',(2.82,-0.32,-0.9));
#1753 = DIRECTION('',(1.224646799147E-16,1.,0.));
#1754 = DIRECTION('',(0.,-0.,1.));
#1755 = ADVANCED_FACE('',(#1756),#1774,.F.);
#1756 = FACE_BOUND('',#1757,.F.);
#1757 = EDGE_LOOP('',(#1758,#1759,#1760,#1768));
#1758 = ORIENTED_EDGE('',*,*,#1278,.T.);
#1759 = ORIENTED_EDGE('',*,*,#1735,.T.);
#1760 = ORIENTED_EDGE('',*,*,#1761,.T.);
#1761 = EDGE_CURVE('',#1736,#1762,#1764,.T.);
#1762 = VERTEX_POINT('',#1763);
#1763 = CARTESIAN_POINT('',(2.82,0.32,6.3));
#1764 = LINE('',#1765,#1766);
#1765 = CARTESIAN_POINT('',(2.82,-0.32,6.3));
#1766 = VECTOR('',#1767,1.);
#1767 = DIRECTION('',(1.224646799147E-16,1.,0.));
#1768 = ORIENTED_EDGE('',*,*,#1769,.T.);
#1769 = EDGE_CURVE('',#1762,#1271,#1770,.T.);
#1770 = LINE('',#1771,#1772);
#1771 = CARTESIAN_POINT('',(2.82,0.32,6.5));
#1772 = VECTOR('',#1773,1.);
#1773 = DIRECTION('',(-0.,0.,-1.));
#1774 = PLANE('',#1775);
#1775 = AXIS2_PLACEMENT_3D('',#1776,#1777,#1778);
#1776 = CARTESIAN_POINT('',(2.82,3.65940088399E-02,1.522832428212));
#1777 = DIRECTION('',(-1.,1.224646799147E-16,0.));
#1778 = DIRECTION('',(0.,0.,1.));
#1779 = ADVANCED_FACE('',(#1780),#1791,.F.);
#1780 = FACE_BOUND('',#1781,.F.);
#1781 = EDGE_LOOP('',(#1782,#1783,#1789,#1790));
#1782 = ORIENTED_EDGE('',*,*,#1769,.F.);
#1783 = ORIENTED_EDGE('',*,*,#1784,.T.);
#1784 = EDGE_CURVE('',#1762,#1714,#1785,.T.);
#1785 = LINE('',#1786,#1787);
#1786 = CARTESIAN_POINT('',(2.82,0.32,6.3));
#1787 = VECTOR('',#1788,1.);
#1788 = DIRECTION('',(-1.,1.224646799147E-16,0.));
#1789 = ORIENTED_EDGE('',*,*,#1721,.T.);
#1790 = ORIENTED_EDGE('',*,*,#1270,.T.);
#1791 = PLANE('',#1792);
#1792 = AXIS2_PLACEMENT_3D('',#1793,#1794,#1795);
#1793 = CARTESIAN_POINT('',(2.82,0.32,6.5));
#1794 = DIRECTION('',(-1.224646799147E-16,-1.,0.));
#1795 = DIRECTION('',(-0.,0.,-1.));
#1796 = ADVANCED_FACE('',(#1797),#1854,.T.);
#1797 = FACE_BOUND('',#1798,.T.);
#1798 = EDGE_LOOP('',(#1799,#1809,#1817,#1825,#1831,#1832,#1840,#1848));
#1799 = ORIENTED_EDGE('',*,*,#1800,.T.);
#1800 = EDGE_CURVE('',#1801,#1803,#1805,.T.);
#1801 = VERTEX_POINT('',#1802);
#1802 = CARTESIAN_POINT('',(-0.32,0.351578947368,-3.2));
#1803 = VERTEX_POINT('',#1804);
#1804 = CARTESIAN_POINT('',(-0.32,-0.288421052632,-3.2));
#1805 = LINE('',#1806,#1807);
#1806 = CARTESIAN_POINT('',(-0.32,0.32,-3.2));
#1807 = VECTOR('',#1808,1.);
#1808 = DIRECTION('',(-1.224646799147E-16,-1.,0.));
#1809 = ORIENTED_EDGE('',*,*,#1810,.T.);
#1810 = EDGE_CURVE('',#1803,#1811,#1813,.T.);
#1811 = VERTEX_POINT('',#1812);
#1812 = CARTESIAN_POINT('',(-0.32,-2.E-02,-1.5));
#1813 = LINE('',#1814,#1815);
#1814 = CARTESIAN_POINT('',(-0.32,-0.32,-3.4));
#1815 = VECTOR('',#1816,1.);
#1816 = DIRECTION('',(1.909990663905E-17,0.155962573473,0.987762965329)
  );
#1817 = ORIENTED_EDGE('',*,*,#1818,.T.);
#1818 = EDGE_CURVE('',#1811,#1819,#1821,.T.);
#1819 = VERTEX_POINT('',#1820);
#1820 = CARTESIAN_POINT('',(-0.32,-0.32,-0.9));
#1821 = LINE('',#1822,#1823);
#1822 = CARTESIAN_POINT('',(-0.32,-2.E-02,-1.5));
#1823 = VECTOR('',#1824,1.);
#1824 = DIRECTION('',(-5.476786982641E-17,-0.4472135955,0.894427191));
#1825 = ORIENTED_EDGE('',*,*,#1826,.T.);
#1826 = EDGE_CURVE('',#1819,#1525,#1827,.T.);
#1827 = LINE('',#1828,#1829);
#1828 = CARTESIAN_POINT('',(-0.32,-0.32,-0.9));
#1829 = VECTOR('',#1830,1.);
#1830 = DIRECTION('',(0.,0.,1.));
#1831 = ORIENTED_EDGE('',*,*,#1522,.F.);
#1832 = ORIENTED_EDGE('',*,*,#1833,.T.);
#1833 = EDGE_CURVE('',#1523,#1834,#1836,.T.);
#1834 = VERTEX_POINT('',#1835);
#1835 = CARTESIAN_POINT('',(-0.32,0.32,-0.9));
#1836 = LINE('',#1837,#1838);
#1837 = CARTESIAN_POINT('',(-0.32,0.32,6.5));
#1838 = VECTOR('',#1839,1.);
#1839 = DIRECTION('',(-0.,0.,-1.));
#1840 = ORIENTED_EDGE('',*,*,#1841,.T.);
#1841 = EDGE_CURVE('',#1834,#1842,#1844,.T.);
#1842 = VERTEX_POINT('',#1843);
#1843 = CARTESIAN_POINT('',(-0.32,0.62,-1.5));
#1844 = LINE('',#1845,#1846);
#1845 = CARTESIAN_POINT('',(-0.32,0.32,-0.9));
#1846 = VECTOR('',#1847,1.);
#1847 = DIRECTION('',(5.476786982641E-17,0.4472135955,-0.894427191));
#1848 = ORIENTED_EDGE('',*,*,#1849,.T.);
#1849 = EDGE_CURVE('',#1842,#1801,#1850,.T.);
#1850 = LINE('',#1851,#1852);
#1851 = CARTESIAN_POINT('',(-0.32,0.62,-1.5));
#1852 = VECTOR('',#1853,1.);
#1853 = DIRECTION('',(-1.909990663905E-17,-0.155962573473,
    -0.987762965329));
#1854 = PLANE('',#1855);
#1855 = AXIS2_PLACEMENT_3D('',#1856,#1857,#1858);
#1856 = CARTESIAN_POINT('',(-0.32,3.65940088399E-02,1.522832428212));
#1857 = DIRECTION('',(-1.,1.224646799147E-16,0.));
#1858 = DIRECTION('',(0.,0.,1.));
#1859 = ADVANCED_FACE('',(#1860),#1878,.F.);
#1860 = FACE_BOUND('',#1861,.F.);
#1861 = EDGE_LOOP('',(#1862,#1870,#1876,#1877));
#1862 = ORIENTED_EDGE('',*,*,#1863,.F.);
#1863 = EDGE_CURVE('',#1864,#1541,#1866,.T.);
#1864 = VERTEX_POINT('',#1865);
#1865 = CARTESIAN_POINT('',(0.32,-0.32,-0.9));
#1866 = LINE('',#1867,#1868);
#1867 = CARTESIAN_POINT('',(0.32,-0.32,-0.9));
#1868 = VECTOR('',#1869,1.);
#1869 = DIRECTION('',(0.,0.,1.));
#1870 = ORIENTED_EDGE('',*,*,#1871,.T.);
#1871 = EDGE_CURVE('',#1864,#1819,#1872,.T.);
#1872 = LINE('',#1873,#1874);
#1873 = CARTESIAN_POINT('',(0.32,-0.32,-0.9));
#1874 = VECTOR('',#1875,1.);
#1875 = DIRECTION('',(-1.,1.224646799147E-16,0.));
#1876 = ORIENTED_EDGE('',*,*,#1826,.T.);
#1877 = ORIENTED_EDGE('',*,*,#1548,.F.);
#1878 = PLANE('',#1879);
#1879 = AXIS2_PLACEMENT_3D('',#1880,#1881,#1882);
#1880 = CARTESIAN_POINT('',(0.32,-0.32,-0.9));
#1881 = DIRECTION('',(1.224646799147E-16,1.,0.));
#1882 = DIRECTION('',(0.,-0.,1.));
#1883 = ADVANCED_FACE('',(#1884),#1934,.F.);
#1884 = FACE_BOUND('',#1885,.F.);
#1885 = EDGE_LOOP('',(#1886,#1896,#1904,#1910,#1911,#1912,#1920,#1928));
#1886 = ORIENTED_EDGE('',*,*,#1887,.T.);
#1887 = EDGE_CURVE('',#1888,#1890,#1892,.T.);
#1888 = VERTEX_POINT('',#1889);
#1889 = CARTESIAN_POINT('',(0.32,0.351578947368,-3.2));
#1890 = VERTEX_POINT('',#1891);
#1891 = CARTESIAN_POINT('',(0.32,-0.288421052632,-3.2));
#1892 = LINE('',#1893,#1894);
#1893 = CARTESIAN_POINT('',(0.32,0.32,-3.2));
#1894 = VECTOR('',#1895,1.);
#1895 = DIRECTION('',(-1.224646799147E-16,-1.,0.));
#1896 = ORIENTED_EDGE('',*,*,#1897,.T.);
#1897 = EDGE_CURVE('',#1890,#1898,#1900,.T.);
#1898 = VERTEX_POINT('',#1899);
#1899 = CARTESIAN_POINT('',(0.32,-2.E-02,-1.5));
#1900 = LINE('',#1901,#1902);
#1901 = CARTESIAN_POINT('',(0.32,-0.32,-3.4));
#1902 = VECTOR('',#1903,1.);
#1903 = DIRECTION('',(1.909990663905E-17,0.155962573473,0.987762965329)
  );
#1904 = ORIENTED_EDGE('',*,*,#1905,.T.);
#1905 = EDGE_CURVE('',#1898,#1864,#1906,.T.);
#1906 = LINE('',#1907,#1908);
#1907 = CARTESIAN_POINT('',(0.32,-2.E-02,-1.5));
#1908 = VECTOR('',#1909,1.);
#1909 = DIRECTION('',(-5.476786982641E-17,-0.4472135955,0.894427191));
#1910 = ORIENTED_EDGE('',*,*,#1863,.T.);
#1911 = ORIENTED_EDGE('',*,*,#1540,.F.);
#1912 = ORIENTED_EDGE('',*,*,#1913,.T.);
#1913 = EDGE_CURVE('',#1533,#1914,#1916,.T.);
#1914 = VERTEX_POINT('',#1915);
#1915 = CARTESIAN_POINT('',(0.32,0.32,-0.9));
#1916 = LINE('',#1917,#1918);
#1917 = CARTESIAN_POINT('',(0.32,0.32,6.5));
#1918 = VECTOR('',#1919,1.);
#1919 = DIRECTION('',(-0.,0.,-1.));
#1920 = ORIENTED_EDGE('',*,*,#1921,.T.);
#1921 = EDGE_CURVE('',#1914,#1922,#1924,.T.);
#1922 = VERTEX_POINT('',#1923);
#1923 = CARTESIAN_POINT('',(0.32,0.62,-1.5));
#1924 = LINE('',#1925,#1926);
#1925 = CARTESIAN_POINT('',(0.32,0.32,-0.9));
#1926 = VECTOR('',#1927,1.);
#1927 = DIRECTION('',(5.476786982641E-17,0.4472135955,-0.894427191));
#1928 = ORIENTED_EDGE('',*,*,#1929,.T.);
#1929 = EDGE_CURVE('',#1922,#1888,#1930,.T.);
#1930 = LINE('',#1931,#1932);
#1931 = CARTESIAN_POINT('',(0.32,0.62,-1.5));
#1932 = VECTOR('',#1933,1.);
#1933 = DIRECTION('',(-1.909990663905E-17,-0.155962573473,
    -0.987762965329));
#1934 = PLANE('',#1935);
#1935 = AXIS2_PLACEMENT_3D('',#1936,#1937,#1938);
#1936 = CARTESIAN_POINT('',(0.32,3.65940088399E-02,1.522832428212));
#1937 = DIRECTION('',(-1.,1.224646799147E-16,0.));
#1938 = DIRECTION('',(0.,0.,1.));
#1939 = ADVANCED_FACE('',(#1940),#1951,.F.);
#1940 = FACE_BOUND('',#1941,.F.);
#1941 = EDGE_LOOP('',(#1942,#1943,#1944,#1945));
#1942 = ORIENTED_EDGE('',*,*,#1913,.F.);
#1943 = ORIENTED_EDGE('',*,*,#1532,.F.);
#1944 = ORIENTED_EDGE('',*,*,#1833,.T.);
#1945 = ORIENTED_EDGE('',*,*,#1946,.F.);
#1946 = EDGE_CURVE('',#1914,#1834,#1947,.T.);
#1947 = LINE('',#1948,#1949);
#1948 = CARTESIAN_POINT('',(0.32,0.32,-0.9));
#1949 = VECTOR('',#1950,1.);
#1950 = DIRECTION('',(-1.,1.224646799147E-16,0.));
#1951 = PLANE('',#1952);
#1952 = AXIS2_PLACEMENT_3D('',#1953,#1954,#1955);
#1953 = CARTESIAN_POINT('',(0.32,0.32,6.5));
#1954 = DIRECTION('',(-1.224646799147E-16,-1.,0.));
#1955 = DIRECTION('',(-0.,0.,-1.));
#1956 = ADVANCED_FACE('',(#1957),#2014,.T.);
#1957 = FACE_BOUND('',#1958,.T.);
#1958 = EDGE_LOOP('',(#1959,#1969,#1977,#1985,#1991,#1992,#2000,#2008));
#1959 = ORIENTED_EDGE('',*,*,#1960,.T.);
#1960 = EDGE_CURVE('',#1961,#1963,#1965,.T.);
#1961 = VERTEX_POINT('',#1962);
#1962 = CARTESIAN_POINT('',(2.18,0.351578947368,-3.2));
#1963 = VERTEX_POINT('',#1964);
#1964 = CARTESIAN_POINT('',(2.18,-0.288421052632,-3.2));
#1965 = LINE('',#1966,#1967);
#1966 = CARTESIAN_POINT('',(2.18,0.32,-3.2));
#1967 = VECTOR('',#1968,1.);
#1968 = DIRECTION('',(-1.224646799147E-16,-1.,0.));
#1969 = ORIENTED_EDGE('',*,*,#1970,.T.);
#1970 = EDGE_CURVE('',#1963,#1971,#1973,.T.);
#1971 = VERTEX_POINT('',#1972);
#1972 = CARTESIAN_POINT('',(2.18,-2.E-02,-1.5));
#1973 = LINE('',#1974,#1975);
#1974 = CARTESIAN_POINT('',(2.18,-0.32,-3.4));
#1975 = VECTOR('',#1976,1.);
#1976 = DIRECTION('',(1.909990663905E-17,0.155962573473,0.987762965329)
  );
#1977 = ORIENTED_EDGE('',*,*,#1978,.T.);
#1978 = EDGE_CURVE('',#1971,#1979,#1981,.T.);
#1979 = VERTEX_POINT('',#1980);
#1980 = CARTESIAN_POINT('',(2.18,-0.32,-0.9));
#1981 = LINE('',#1982,#1983);
#1982 = CARTESIAN_POINT('',(2.18,-2.E-02,-1.5));
#1983 = VECTOR('',#1984,1.);
#1984 = DIRECTION('',(-5.476786982641E-17,-0.4472135955,0.894427191));
#1985 = ORIENTED_EDGE('',*,*,#1986,.T.);
#1986 = EDGE_CURVE('',#1979,#1571,#1987,.T.);
#1987 = LINE('',#1988,#1989);
#1988 = CARTESIAN_POINT('',(2.18,-0.32,-0.9));
#1989 = VECTOR('',#1990,1.);
#1990 = DIRECTION('',(0.,0.,1.));
#1991 = ORIENTED_EDGE('',*,*,#1568,.F.);
#1992 = ORIENTED_EDGE('',*,*,#1993,.T.);
#1993 = EDGE_CURVE('',#1569,#1994,#1996,.T.);
#1994 = VERTEX_POINT('',#1995);
#1995 = CARTESIAN_POINT('',(2.18,0.32,-0.9));
#1996 = LINE('',#1997,#1998);
#1997 = CARTESIAN_POINT('',(2.18,0.32,6.5));
#1998 = VECTOR('',#1999,1.);
#1999 = DIRECTION('',(-0.,0.,-1.));
#2000 = ORIENTED_EDGE('',*,*,#2001,.T.);
#2001 = EDGE_CURVE('',#1994,#2002,#2004,.T.);
#2002 = VERTEX_POINT('',#2003);
#2003 = CARTESIAN_POINT('',(2.18,0.62,-1.5));
#2004 = LINE('',#2005,#2006);
#2005 = CARTESIAN_POINT('',(2.18,0.32,-0.9));
#2006 = VECTOR('',#2007,1.);
#2007 = DIRECTION('',(5.476786982641E-17,0.4472135955,-0.894427191));
#2008 = ORIENTED_EDGE('',*,*,#2009,.T.);
#2009 = EDGE_CURVE('',#2002,#1961,#2010,.T.);
#2010 = LINE('',#2011,#2012);
#2011 = CARTESIAN_POINT('',(2.18,0.62,-1.5));
#2012 = VECTOR('',#2013,1.);
#2013 = DIRECTION('',(-1.909990663905E-17,-0.155962573473,
    -0.987762965329));
#2014 = PLANE('',#2015);
#2015 = AXIS2_PLACEMENT_3D('',#2016,#2017,#2018);
#2016 = CARTESIAN_POINT('',(2.18,3.65940088399E-02,1.522832428212));
#2017 = DIRECTION('',(-1.,1.224646799147E-16,0.));
#2018 = DIRECTION('',(0.,0.,1.));
#2019 = ADVANCED_FACE('',(#2020),#2038,.F.);
#2020 = FACE_BOUND('',#2021,.F.);
#2021 = EDGE_LOOP('',(#2022,#2030,#2036,#2037));
#2022 = ORIENTED_EDGE('',*,*,#2023,.F.);
#2023 = EDGE_CURVE('',#2024,#1587,#2026,.T.);
#2024 = VERTEX_POINT('',#2025);
#2025 = CARTESIAN_POINT('',(2.82,-0.32,-0.9));
#2026 = LINE('',#2027,#2028);
#2027 = CARTESIAN_POINT('',(2.82,-0.32,-0.9));
#2028 = VECTOR('',#2029,1.);
#2029 = DIRECTION('',(0.,0.,1.));
#2030 = ORIENTED_EDGE('',*,*,#2031,.T.);
#2031 = EDGE_CURVE('',#2024,#1979,#2032,.T.);
#2032 = LINE('',#2033,#2034);
#2033 = CARTESIAN_POINT('',(2.82,-0.32,-0.9));
#2034 = VECTOR('',#2035,1.);
#2035 = DIRECTION('',(-1.,1.224646799147E-16,0.));
#2036 = ORIENTED_EDGE('',*,*,#1986,.T.);
#2037 = ORIENTED_EDGE('',*,*,#1594,.F.);
#2038 = PLANE('',#2039);
#2039 = AXIS2_PLACEMENT_3D('',#2040,#2041,#2042);
#2040 = CARTESIAN_POINT('',(2.82,-0.32,-0.9));
#2041 = DIRECTION('',(1.224646799147E-16,1.,0.));
#2042 = DIRECTION('',(0.,-0.,1.));
#2043 = ADVANCED_FACE('',(#2044),#2094,.F.);
#2044 = FACE_BOUND('',#2045,.F.);
#2045 = EDGE_LOOP('',(#2046,#2056,#2064,#2070,#2071,#2072,#2080,#2088));
#2046 = ORIENTED_EDGE('',*,*,#2047,.T.);
#2047 = EDGE_CURVE('',#2048,#2050,#2052,.T.);
#2048 = VERTEX_POINT('',#2049);
#2049 = CARTESIAN_POINT('',(2.82,0.351578947368,-3.2));
#2050 = VERTEX_POINT('',#2051);
#2051 = CARTESIAN_POINT('',(2.82,-0.288421052632,-3.2));
#2052 = LINE('',#2053,#2054);
#2053 = CARTESIAN_POINT('',(2.82,0.32,-3.2));
#2054 = VECTOR('',#2055,1.);
#2055 = DIRECTION('',(-1.224646799147E-16,-1.,0.));
#2056 = ORIENTED_EDGE('',*,*,#2057,.T.);
#2057 = EDGE_CURVE('',#2050,#2058,#2060,.T.);
#2058 = VERTEX_POINT('',#2059);
#2059 = CARTESIAN_POINT('',(2.82,-2.E-02,-1.5));
#2060 = LINE('',#2061,#2062);
#2061 = CARTESIAN_POINT('',(2.82,-0.32,-3.4));
#2062 = VECTOR('',#2063,1.);
#2063 = DIRECTION('',(1.909990663905E-17,0.155962573473,0.987762965329)
  );
#2064 = ORIENTED_EDGE('',*,*,#2065,.T.);
#2065 = EDGE_CURVE('',#2058,#2024,#2066,.T.);
#2066 = LINE('',#2067,#2068);
#2067 = CARTESIAN_POINT('',(2.82,-2.E-02,-1.5));
#2068 = VECTOR('',#2069,1.);
#2069 = DIRECTION('',(-5.476786982641E-17,-0.4472135955,0.894427191));
#2070 = ORIENTED_EDGE('',*,*,#2023,.T.);
#2071 = ORIENTED_EDGE('',*,*,#1586,.F.);
#2072 = ORIENTED_EDGE('',*,*,#2073,.T.);
#2073 = EDGE_CURVE('',#1579,#2074,#2076,.T.);
#2074 = VERTEX_POINT('',#2075);
#2075 = CARTESIAN_POINT('',(2.82,0.32,-0.9));
#2076 = LINE('',#2077,#2078);
#2077 = CARTESIAN_POINT('',(2.82,0.32,6.5));
#2078 = VECTOR('',#2079,1.);
#2079 = DIRECTION('',(-0.,0.,-1.));
#2080 = ORIENTED_EDGE('',*,*,#2081,.T.);
#2081 = EDGE_CURVE('',#2074,#2082,#2084,.T.);
#2082 = VERTEX_POINT('',#2083);
#2083 = CARTESIAN_POINT('',(2.82,0.62,-1.5));
#2084 = LINE('',#2085,#2086);
#2085 = CARTESIAN_POINT('',(2.82,0.32,-0.9));
#2086 = VECTOR('',#2087,1.);
#2087 = DIRECTION('',(5.476786982641E-17,0.4472135955,-0.894427191));
#2088 = ORIENTED_EDGE('',*,*,#2089,.T.);
#2089 = EDGE_CURVE('',#2082,#2048,#2090,.T.);
#2090 = LINE('',#2091,#2092);
#2091 = CARTESIAN_POINT('',(2.82,0.62,-1.5));
#2092 = VECTOR('',#2093,1.);
#2093 = DIRECTION('',(-1.909990663905E-17,-0.155962573473,
    -0.987762965329));
#2094 = PLANE('',#2095);
#2095 = AXIS2_PLACEMENT_3D('',#2096,#2097,#2098);
#2096 = CARTESIAN_POINT('',(2.82,3.65940088399E-02,1.522832428212));
#2097 = DIRECTION('',(-1.,1.224646799147E-16,0.));
#2098 = DIRECTION('',(0.,0.,1.));
#2099 = ADVANCED_FACE('',(#2100),#2111,.F.);
#2100 = FACE_BOUND('',#2101,.F.);
#2101 = EDGE_LOOP('',(#2102,#2103,#2104,#2105));
#2102 = ORIENTED_EDGE('',*,*,#2073,.F.);
#2103 = ORIENTED_EDGE('',*,*,#1578,.F.);
#2104 = ORIENTED_EDGE('',*,*,#1993,.T.);
#2105 = ORIENTED_EDGE('',*,*,#2106,.F.);
#2106 = EDGE_CURVE('',#2074,#1994,#2107,.T.);
#2107 = LINE('',#2108,#2109);
#2108 = CARTESIAN_POINT('',(2.82,0.32,-0.9));
#2109 = VECTOR('',#2110,1.);
#2110 = DIRECTION('',(-1.,1.224646799147E-16,0.));
#2111 = PLANE('',#2112);
#2112 = AXIS2_PLACEMENT_3D('',#2113,#2114,#2115);
#2113 = CARTESIAN_POINT('',(2.82,0.32,6.5));
#2114 = DIRECTION('',(-1.224646799147E-16,-1.,0.));
#2115 = DIRECTION('',(-0.,0.,-1.));
#2116 = ADVANCED_FACE('',(#2117),#2142,.F.);
#2117 = FACE_BOUND('',#2118,.T.);
#2118 = EDGE_LOOP('',(#2119,#2127,#2135,#2141));
#2119 = ORIENTED_EDGE('',*,*,#2120,.F.);
#2120 = EDGE_CURVE('',#2121,#1610,#2123,.T.);
#2121 = VERTEX_POINT('',#2122);
#2122 = CARTESIAN_POINT('',(-0.12,-0.12,6.5));
#2123 = LINE('',#2124,#2125);
#2124 = CARTESIAN_POINT('',(-0.146666666667,-0.146666666667,
    6.473333333333));
#2125 = VECTOR('',#2126,1.);
#2126 = DIRECTION('',(-0.57735026919,-0.57735026919,-0.57735026919));
#2127 = ORIENTED_EDGE('',*,*,#2128,.T.);
#2128 = EDGE_CURVE('',#2121,#2129,#2131,.T.);
#2129 = VERTEX_POINT('',#2130);
#2130 = CARTESIAN_POINT('',(-0.12,0.12,6.5));
#2131 = LINE('',#2132,#2133);
#2132 = CARTESIAN_POINT('',(-0.12,-0.32,6.5));
#2133 = VECTOR('',#2134,1.);
#2134 = DIRECTION('',(1.224646799147E-16,1.,0.));
#2135 = ORIENTED_EDGE('',*,*,#2136,.T.);
#2136 = EDGE_CURVE('',#2129,#1618,#2137,.T.);
#2137 = LINE('',#2138,#2139);
#2138 = CARTESIAN_POINT('',(-4.E-02,4.E-02,6.58));
#2139 = VECTOR('',#2140,1.);
#2140 = DIRECTION('',(-0.57735026919,0.57735026919,-0.57735026919));
#2141 = ORIENTED_EDGE('',*,*,#1617,.F.);
#2142 = PLANE('',#2143);
#2143 = AXIS2_PLACEMENT_3D('',#2144,#2145,#2146);
#2144 = CARTESIAN_POINT('',(-0.22,-0.32,6.4));
#2145 = DIRECTION('',(0.707106781187,-8.486018839685E-17,-0.707106781187
    ));
#2146 = DIRECTION('',(-1.212375546256E-16,-1.,-1.227125289196E-18));
#2147 = ADVANCED_FACE('',(#2148),#2166,.T.);
#2148 = FACE_BOUND('',#2149,.F.);
#2149 = EDGE_LOOP('',(#2150,#2158,#2159,#2160));
#2150 = ORIENTED_EDGE('',*,*,#2151,.T.);
#2151 = EDGE_CURVE('',#2152,#1640,#2154,.T.);
#2152 = VERTEX_POINT('',#2153);
#2153 = CARTESIAN_POINT('',(0.12,-0.12,6.5));
#2154 = LINE('',#2155,#2156);
#2155 = CARTESIAN_POINT('',(0.253333333333,-0.253333333333,
    6.366666666667));
#2156 = VECTOR('',#2157,1.);
#2157 = DIRECTION('',(0.57735026919,-0.57735026919,-0.57735026919));
#2158 = ORIENTED_EDGE('',*,*,#1649,.T.);
#2159 = ORIENTED_EDGE('',*,*,#2120,.F.);
#2160 = ORIENTED_EDGE('',*,*,#2161,.F.);
#2161 = EDGE_CURVE('',#2152,#2121,#2162,.T.);
#2162 = LINE('',#2163,#2164);
#2163 = CARTESIAN_POINT('',(0.32,-0.12,6.5));
#2164 = VECTOR('',#2165,1.);
#2165 = DIRECTION('',(-1.,1.224646799147E-16,0.));
#2166 = PLANE('',#2167);
#2167 = AXIS2_PLACEMENT_3D('',#2168,#2169,#2170);
#2168 = CARTESIAN_POINT('',(0.32,-0.22,6.4));
#2169 = DIRECTION('',(-8.833102285013E-17,-0.707106781187,0.707106781187
    ));
#2170 = DIRECTION('',(1.,-1.236918052038E-16,1.227125289097E-18));
#2171 = ADVANCED_FACE('',(#2172),#2190,.T.);
#2172 = FACE_BOUND('',#2173,.F.);
#2173 = EDGE_LOOP('',(#2174,#2175,#2183,#2189));
#2174 = ORIENTED_EDGE('',*,*,#2151,.F.);
#2175 = ORIENTED_EDGE('',*,*,#2176,.T.);
#2176 = EDGE_CURVE('',#2152,#2177,#2179,.T.);
#2177 = VERTEX_POINT('',#2178);
#2178 = CARTESIAN_POINT('',(0.12,0.12,6.5));
#2179 = LINE('',#2180,#2181);
#2180 = CARTESIAN_POINT('',(0.12,-0.32,6.5));
#2181 = VECTOR('',#2182,1.);
#2182 = DIRECTION('',(1.224646799147E-16,1.,0.));
#2183 = ORIENTED_EDGE('',*,*,#2184,.T.);
#2184 = EDGE_CURVE('',#2177,#1666,#2185,.T.);
#2185 = LINE('',#2186,#2187);
#2186 = CARTESIAN_POINT('',(0.146666666667,0.146666666667,6.473333333333
    ));
#2187 = VECTOR('',#2188,1.);
#2188 = DIRECTION('',(0.57735026919,0.57735026919,-0.57735026919));
#2189 = ORIENTED_EDGE('',*,*,#1665,.F.);
#2190 = PLANE('',#2191);
#2191 = AXIS2_PLACEMENT_3D('',#2192,#2193,#2194);
#2192 = CARTESIAN_POINT('',(0.22,-0.32,6.4));
#2193 = DIRECTION('',(0.707106781187,-8.833102285013E-17,0.707106781187)
  );
#2194 = DIRECTION('',(-1.236918052038E-16,-1.,-1.227125289097E-18));
#2195 = ADVANCED_FACE('',(#2196),#2207,.T.);
#2196 = FACE_BOUND('',#2197,.F.);
#2197 = EDGE_LOOP('',(#2198,#2199,#2205,#2206));
#2198 = ORIENTED_EDGE('',*,*,#2184,.F.);
#2199 = ORIENTED_EDGE('',*,*,#2200,.T.);
#2200 = EDGE_CURVE('',#2177,#2129,#2201,.T.);
#2201 = LINE('',#2202,#2203);
#2202 = CARTESIAN_POINT('',(0.32,0.12,6.5));
#2203 = VECTOR('',#2204,1.);
#2204 = DIRECTION('',(-1.,1.224646799147E-16,0.));
#2205 = ORIENTED_EDGE('',*,*,#2136,.T.);
#2206 = ORIENTED_EDGE('',*,*,#1688,.F.);
#2207 = PLANE('',#2208);
#2208 = AXIS2_PLACEMENT_3D('',#2209,#2210,#2211);
#2209 = CARTESIAN_POINT('',(0.32,0.22,6.4));
#2210 = DIRECTION('',(8.833102285013E-17,0.707106781187,0.707106781187)
  );
#2211 = DIRECTION('',(1.,-1.236918052038E-16,-1.227125289097E-18));
#2212 = ADVANCED_FACE('',(#2213),#2238,.F.);
#2213 = FACE_BOUND('',#2214,.T.);
#2214 = EDGE_LOOP('',(#2215,#2223,#2231,#2237));
#2215 = ORIENTED_EDGE('',*,*,#2216,.F.);
#2216 = EDGE_CURVE('',#2217,#1706,#2219,.T.);
#2217 = VERTEX_POINT('',#2218);
#2218 = CARTESIAN_POINT('',(2.38,-0.12,6.5));
#2219 = LINE('',#2220,#2221);
#2220 = CARTESIAN_POINT('',(2.353333333333,-0.146666666667,
    6.473333333333));
#2221 = VECTOR('',#2222,1.);
#2222 = DIRECTION('',(-0.57735026919,-0.57735026919,-0.57735026919));
#2223 = ORIENTED_EDGE('',*,*,#2224,.T.);
#2224 = EDGE_CURVE('',#2217,#2225,#2227,.T.);
#2225 = VERTEX_POINT('',#2226);
#2226 = CARTESIAN_POINT('',(2.38,0.12,6.5));
#2227 = LINE('',#2228,#2229);
#2228 = CARTESIAN_POINT('',(2.38,-0.32,6.5));
#2229 = VECTOR('',#2230,1.);
#2230 = DIRECTION('',(1.224646799147E-16,1.,0.));
#2231 = ORIENTED_EDGE('',*,*,#2232,.T.);
#2232 = EDGE_CURVE('',#2225,#1714,#2233,.T.);
#2233 = LINE('',#2234,#2235);
#2234 = CARTESIAN_POINT('',(2.46,4.E-02,6.58));
#2235 = VECTOR('',#2236,1.);
#2236 = DIRECTION('',(-0.57735026919,0.57735026919,-0.57735026919));
#2237 = ORIENTED_EDGE('',*,*,#1713,.F.);
#2238 = PLANE('',#2239);
#2239 = AXIS2_PLACEMENT_3D('',#2240,#2241,#2242);
#2240 = CARTESIAN_POINT('',(2.28,-0.32,6.4));
#2241 = DIRECTION('',(0.707106781187,-8.486018839685E-17,-0.707106781187
    ));
#2242 = DIRECTION('',(-1.212375546256E-16,-1.,-1.227125289196E-18));
#2243 = ADVANCED_FACE('',(#2244),#2262,.T.);
#2244 = FACE_BOUND('',#2245,.F.);
#2245 = EDGE_LOOP('',(#2246,#2254,#2255,#2256));
#2246 = ORIENTED_EDGE('',*,*,#2247,.T.);
#2247 = EDGE_CURVE('',#2248,#1736,#2250,.T.);
#2248 = VERTEX_POINT('',#2249);
#2249 = CARTESIAN_POINT('',(2.62,-0.12,6.5));
#2250 = LINE('',#2251,#2252);
#2251 = CARTESIAN_POINT('',(2.753333333333,-0.253333333333,
    6.366666666667));
#2252 = VECTOR('',#2253,1.);
#2253 = DIRECTION('',(0.57735026919,-0.57735026919,-0.57735026919));
#2254 = ORIENTED_EDGE('',*,*,#1745,.T.);
#2255 = ORIENTED_EDGE('',*,*,#2216,.F.);
#2256 = ORIENTED_EDGE('',*,*,#2257,.F.);
#2257 = EDGE_CURVE('',#2248,#2217,#2258,.T.);
#2258 = LINE('',#2259,#2260);
#2259 = CARTESIAN_POINT('',(2.82,-0.12,6.5));
#2260 = VECTOR('',#2261,1.);
#2261 = DIRECTION('',(-1.,1.224646799147E-16,0.));
#2262 = PLANE('',#2263);
#2263 = AXIS2_PLACEMENT_3D('',#2264,#2265,#2266);
#2264 = CARTESIAN_POINT('',(2.82,-0.22,6.4));
#2265 = DIRECTION('',(-8.833102285013E-17,-0.707106781187,0.707106781187
    ));
#2266 = DIRECTION('',(1.,-1.236918052038E-16,1.227125289097E-18));
#2267 = ADVANCED_FACE('',(#2268),#2286,.T.);
#2268 = FACE_BOUND('',#2269,.F.);
#2269 = EDGE_LOOP('',(#2270,#2271,#2279,#2285));
#2270 = ORIENTED_EDGE('',*,*,#2247,.F.);
#2271 = ORIENTED_EDGE('',*,*,#2272,.T.);
#2272 = EDGE_CURVE('',#2248,#2273,#2275,.T.);
#2273 = VERTEX_POINT('',#2274);
#2274 = CARTESIAN_POINT('',(2.62,0.12,6.5));
#2275 = LINE('',#2276,#2277);
#2276 = CARTESIAN_POINT('',(2.62,-0.32,6.5));
#2277 = VECTOR('',#2278,1.);
#2278 = DIRECTION('',(1.224646799147E-16,1.,0.));
#2279 = ORIENTED_EDGE('',*,*,#2280,.T.);
#2280 = EDGE_CURVE('',#2273,#1762,#2281,.T.);
#2281 = LINE('',#2282,#2283);
#2282 = CARTESIAN_POINT('',(2.646666666667,0.146666666667,6.473333333333
    ));
#2283 = VECTOR('',#2284,1.);
#2284 = DIRECTION('',(0.57735026919,0.57735026919,-0.57735026919));
#2285 = ORIENTED_EDGE('',*,*,#1761,.F.);
#2286 = PLANE('',#2287);
#2287 = AXIS2_PLACEMENT_3D('',#2288,#2289,#2290);
#2288 = CARTESIAN_POINT('',(2.72,-0.32,6.4));
#2289 = DIRECTION('',(0.707106781187,-8.833102285013E-17,0.707106781187)
  );
#2290 = DIRECTION('',(-1.236918052038E-16,-1.,-1.227125289097E-18));
#2291 = ADVANCED_FACE('',(#2292),#2303,.T.);
#2292 = FACE_BOUND('',#2293,.F.);
#2293 = EDGE_LOOP('',(#2294,#2295,#2301,#2302));
#2294 = ORIENTED_EDGE('',*,*,#2280,.F.);
#2295 = ORIENTED_EDGE('',*,*,#2296,.T.);
#2296 = EDGE_CURVE('',#2273,#2225,#2297,.T.);
#2297 = LINE('',#2298,#2299);
#2298 = CARTESIAN_POINT('',(2.82,0.12,6.5));
#2299 = VECTOR('',#2300,1.);
#2300 = DIRECTION('',(-1.,1.224646799147E-16,0.));
#2301 = ORIENTED_EDGE('',*,*,#2232,.T.);
#2302 = ORIENTED_EDGE('',*,*,#1784,.F.);
#2303 = PLANE('',#2304);
#2304 = AXIS2_PLACEMENT_3D('',#2305,#2306,#2307);
#2305 = CARTESIAN_POINT('',(2.82,0.22,6.4));
#2306 = DIRECTION('',(8.833102285013E-17,0.707106781187,0.707106781187)
  );
#2307 = DIRECTION('',(1.,-1.236918052038E-16,-1.227125289097E-18));
#2308 = ADVANCED_FACE('',(#2309),#2350,.F.);
#2309 = FACE_BOUND('',#2310,.T.);
#2310 = EDGE_LOOP('',(#2311,#2321,#2327,#2328,#2336,#2344));
#2311 = ORIENTED_EDGE('',*,*,#2312,.T.);
#2312 = EDGE_CURVE('',#2313,#2315,#2317,.T.);
#2313 = VERTEX_POINT('',#2314);
#2314 = CARTESIAN_POINT('',(-0.12,-0.12,-3.4));
#2315 = VERTEX_POINT('',#2316);
#2316 = CARTESIAN_POINT('',(-0.317552593066,-0.288807485305,
    -3.202447406934));
#2317 = LINE('',#2318,#2319);
#2318 = CARTESIAN_POINT('',(-3.848855660758E-02,-5.034896900541E-02,
    -3.481511443392));
#2319 = VECTOR('',#2320,1.);
#2320 = DIRECTION('',(-0.605209817607,-0.517148096144,0.605209817607));
#2321 = ORIENTED_EDGE('',*,*,#2322,.T.);
#2322 = EDGE_CURVE('',#2315,#1803,#2323,.T.);
#2323 = LINE('',#2324,#2325);
#2324 = CARTESIAN_POINT('',(-8.569083447332E-02,-0.325417236662,
    -3.434309165527));
#2325 = VECTOR('',#2326,1.);
#2326 = DIRECTION('',(-0.702740385383,0.110959008218,0.702740385383));
#2327 = ORIENTED_EDGE('',*,*,#1800,.F.);
#2328 = ORIENTED_EDGE('',*,*,#2329,.F.);
#2329 = EDGE_CURVE('',#2330,#1801,#2332,.T.);
#2330 = VERTEX_POINT('',#2331);
#2331 = CARTESIAN_POINT('',(-0.317552593066,0.351192514695,
    -3.202447406934));
#2332 = LINE('',#2333,#2334);
#2333 = CARTESIAN_POINT('',(-0.541586867305,0.386566347469,
    -2.978413132695));
#2334 = VECTOR('',#2335,1.);
#2335 = DIRECTION('',(-0.702740385383,0.110959008218,0.702740385383));
#2336 = ORIENTED_EDGE('',*,*,#2337,.F.);
#2337 = EDGE_CURVE('',#2338,#2330,#2340,.T.);
#2338 = VERTEX_POINT('',#2339);
#2339 = CARTESIAN_POINT('',(-0.12,0.12,-3.4));
#2340 = LINE('',#2341,#2342);
#2341 = CARTESIAN_POINT('',(-0.153849098111,0.159613036666,
    -3.366150901889));
#2342 = VECTOR('',#2343,1.);
#2343 = DIRECTION('',(-0.544770019249,0.63753529491,0.544770019249));
#2344 = ORIENTED_EDGE('',*,*,#2345,.T.);
#2345 = EDGE_CURVE('',#2338,#2313,#2346,.T.);
#2346 = LINE('',#2347,#2348);
#2347 = CARTESIAN_POINT('',(-0.12,0.32,-3.4));
#2348 = VECTOR('',#2349,1.);
#2349 = DIRECTION('',(-1.224646799147E-16,-1.,0.));
#2350 = PLANE('',#2351);
#2351 = AXIS2_PLACEMENT_3D('',#2352,#2353,#2354);
#2352 = CARTESIAN_POINT('',(-0.22,0.32,-3.3));
#2353 = DIRECTION('',(0.707106781187,-8.833102285013E-17,0.707106781187)
  );
#2354 = DIRECTION('',(1.236918052038E-16,1.,1.227125289097E-18));
#2355 = ADVANCED_FACE('',(#2356),#2381,.F.);
#2356 = FACE_BOUND('',#2357,.F.);
#2357 = EDGE_LOOP('',(#2358,#2359,#2365,#2366,#2367,#2375));
#2358 = ORIENTED_EDGE('',*,*,#1929,.F.);
#2359 = ORIENTED_EDGE('',*,*,#2360,.T.);
#2360 = EDGE_CURVE('',#1922,#1842,#2361,.T.);
#2361 = LINE('',#2362,#2363);
#2362 = CARTESIAN_POINT('',(0.32,0.62,-1.5));
#2363 = VECTOR('',#2364,1.);
#2364 = DIRECTION('',(-1.,1.224646799147E-16,0.));
#2365 = ORIENTED_EDGE('',*,*,#1849,.T.);
#2366 = ORIENTED_EDGE('',*,*,#2329,.F.);
#2367 = ORIENTED_EDGE('',*,*,#2368,.F.);
#2368 = EDGE_CURVE('',#2369,#2330,#2371,.T.);
#2369 = VERTEX_POINT('',#2370);
#2370 = CARTESIAN_POINT('',(0.317552593066,0.351192514695,
    -3.202447406934));
#2371 = LINE('',#2372,#2373);
#2372 = CARTESIAN_POINT('',(0.32,0.351192514695,-3.202447406934));
#2373 = VECTOR('',#2374,1.);
#2374 = DIRECTION('',(-1.,1.224646799147E-16,0.));
#2375 = ORIENTED_EDGE('',*,*,#2376,.T.);
#2376 = EDGE_CURVE('',#2369,#1888,#2377,.T.);
#2377 = LINE('',#2378,#2379);
#2378 = CARTESIAN_POINT('',(0.699616963064,0.411518467852,
    -2.820383036936));
#2379 = VECTOR('',#2380,1.);
#2380 = DIRECTION('',(0.702740385383,0.110959008218,0.702740385383));
#2381 = PLANE('',#2382);
#2382 = AXIS2_PLACEMENT_3D('',#2383,#2384,#2385);
#2383 = CARTESIAN_POINT('',(0.32,0.62,-1.5));
#2384 = DIRECTION('',(-1.209660753807E-16,-0.987762965329,0.155962573473
    ));
#2385 = DIRECTION('',(-1.909990663905E-17,-0.155962573473,
    -0.987762965329));
#2386 = ADVANCED_FACE('',(#2387),#2393,.F.);
#2387 = FACE_BOUND('',#2388,.F.);
#2388 = EDGE_LOOP('',(#2389,#2390,#2391,#2392));
#2389 = ORIENTED_EDGE('',*,*,#1946,.T.);
#2390 = ORIENTED_EDGE('',*,*,#1841,.T.);
#2391 = ORIENTED_EDGE('',*,*,#2360,.F.);
#2392 = ORIENTED_EDGE('',*,*,#1921,.F.);
#2393 = PLANE('',#2394);
#2394 = AXIS2_PLACEMENT_3D('',#2395,#2396,#2397);
#2395 = CARTESIAN_POINT('',(0.32,0.32,-0.9));
#2396 = DIRECTION('',(-1.095357396528E-16,-0.894427191,-0.4472135955));
#2397 = DIRECTION('',(5.476786982641E-17,0.4472135955,-0.894427191));
#2398 = ADVANCED_FACE('',(#2399),#2410,.F.);
#2399 = FACE_BOUND('',#2400,.F.);
#2400 = EDGE_LOOP('',(#2401,#2407,#2408,#2409));
#2401 = ORIENTED_EDGE('',*,*,#2402,.T.);
#2402 = EDGE_CURVE('',#1898,#1811,#2403,.T.);
#2403 = LINE('',#2404,#2405);
#2404 = CARTESIAN_POINT('',(0.32,-2.E-02,-1.5));
#2405 = VECTOR('',#2406,1.);
#2406 = DIRECTION('',(-1.,1.224646799147E-16,0.));
#2407 = ORIENTED_EDGE('',*,*,#1818,.T.);
#2408 = ORIENTED_EDGE('',*,*,#1871,.F.);
#2409 = ORIENTED_EDGE('',*,*,#1905,.F.);
#2410 = PLANE('',#2411);
#2411 = AXIS2_PLACEMENT_3D('',#2412,#2413,#2414);
#2412 = CARTESIAN_POINT('',(0.32,-2.E-02,-1.5));
#2413 = DIRECTION('',(1.095357396528E-16,0.894427191,0.4472135955));
#2414 = DIRECTION('',(-5.476786982641E-17,-0.4472135955,0.894427191));
#2415 = ADVANCED_FACE('',(#2416),#2436,.F.);
#2416 = FACE_BOUND('',#2417,.F.);
#2417 = EDGE_LOOP('',(#2418,#2419,#2427,#2433,#2434,#2435));
#2418 = ORIENTED_EDGE('',*,*,#1897,.F.);
#2419 = ORIENTED_EDGE('',*,*,#2420,.F.);
#2420 = EDGE_CURVE('',#2421,#1890,#2423,.T.);
#2421 = VERTEX_POINT('',#2422);
#2422 = CARTESIAN_POINT('',(0.317552593066,-0.288807485305,
    -3.202447406934));
#2423 = LINE('',#2424,#2425);
#2424 = CARTESIAN_POINT('',(0.243720930233,-0.300465116279,
    -3.276279069767));
#2425 = VECTOR('',#2426,1.);
#2426 = DIRECTION('',(0.702740385383,0.110959008218,0.702740385383));
#2427 = ORIENTED_EDGE('',*,*,#2428,.T.);
#2428 = EDGE_CURVE('',#2421,#2315,#2429,.T.);
#2429 = LINE('',#2430,#2431);
#2430 = CARTESIAN_POINT('',(0.32,-0.288807485305,-3.202447406934));
#2431 = VECTOR('',#2432,1.);
#2432 = DIRECTION('',(-1.,1.224646799147E-16,0.));
#2433 = ORIENTED_EDGE('',*,*,#2322,.T.);
#2434 = ORIENTED_EDGE('',*,*,#1810,.T.);
#2435 = ORIENTED_EDGE('',*,*,#2402,.F.);
#2436 = PLANE('',#2437);
#2437 = AXIS2_PLACEMENT_3D('',#2438,#2439,#2440);
#2438 = CARTESIAN_POINT('',(0.32,-0.32,-3.4));
#2439 = DIRECTION('',(1.209660753807E-16,0.987762965329,-0.155962573473)
  );
#2440 = DIRECTION('',(1.909990663905E-17,0.155962573473,0.987762965329)
  );
#2441 = ADVANCED_FACE('',(#2442),#2469,.T.);
#2442 = FACE_BOUND('',#2443,.F.);
#2443 = EDGE_LOOP('',(#2444,#2452,#2453,#2454,#2455,#2463));
#2444 = ORIENTED_EDGE('',*,*,#2445,.T.);
#2445 = EDGE_CURVE('',#2446,#2421,#2448,.T.);
#2446 = VERTEX_POINT('',#2447);
#2447 = CARTESIAN_POINT('',(0.12,-0.12,-3.4));
#2448 = LINE('',#2449,#2450);
#2449 = CARTESIAN_POINT('',(0.155697812072,-0.150503562587,
    -3.364302187928));
#2450 = VECTOR('',#2451,1.);
#2451 = DIRECTION('',(0.605209817607,-0.517148096144,0.605209817607));
#2452 = ORIENTED_EDGE('',*,*,#2420,.T.);
#2453 = ORIENTED_EDGE('',*,*,#1887,.F.);
#2454 = ORIENTED_EDGE('',*,*,#2376,.F.);
#2455 = ORIENTED_EDGE('',*,*,#2456,.F.);
#2456 = EDGE_CURVE('',#2457,#2369,#2459,.T.);
#2457 = VERTEX_POINT('',#2458);
#2458 = CARTESIAN_POINT('',(0.12,0.12,-3.4));
#2459 = LINE('',#2460,#2461);
#2460 = CARTESIAN_POINT('',(0.24881689775,0.270752273427,-3.27118310225)
  );
#2461 = VECTOR('',#2462,1.);
#2462 = DIRECTION('',(0.544770019249,0.63753529491,0.544770019249));
#2463 = ORIENTED_EDGE('',*,*,#2464,.T.);
#2464 = EDGE_CURVE('',#2457,#2446,#2465,.T.);
#2465 = LINE('',#2466,#2467);
#2466 = CARTESIAN_POINT('',(0.12,0.32,-3.4));
#2467 = VECTOR('',#2468,1.);
#2468 = DIRECTION('',(-1.224646799147E-16,-1.,0.));
#2469 = PLANE('',#2470);
#2470 = AXIS2_PLACEMENT_3D('',#2471,#2472,#2473);
#2471 = CARTESIAN_POINT('',(0.22,0.32,-3.3));
#2472 = DIRECTION('',(0.707106781187,-8.486018839685E-17,-0.707106781187
    ));
#2473 = DIRECTION('',(1.212375546256E-16,1.,1.227125289196E-18));
#2474 = ADVANCED_FACE('',(#2475),#2516,.F.);
#2475 = FACE_BOUND('',#2476,.T.);
#2476 = EDGE_LOOP('',(#2477,#2487,#2493,#2494,#2502,#2510));
#2477 = ORIENTED_EDGE('',*,*,#2478,.T.);
#2478 = EDGE_CURVE('',#2479,#2481,#2483,.T.);
#2479 = VERTEX_POINT('',#2480);
#2480 = CARTESIAN_POINT('',(2.38,-0.12,-3.4));
#2481 = VERTEX_POINT('',#2482);
#2482 = CARTESIAN_POINT('',(2.182447406934,-0.288807485305,
    -3.202447406934));
#2483 = LINE('',#2484,#2485);
#2484 = CARTESIAN_POINT('',(2.461511443392,-5.034896900541E-02,
    -3.481511443392));
#2485 = VECTOR('',#2486,1.);
#2486 = DIRECTION('',(-0.605209817607,-0.517148096144,0.605209817607));
#2487 = ORIENTED_EDGE('',*,*,#2488,.T.);
#2488 = EDGE_CURVE('',#2481,#1963,#2489,.T.);
#2489 = LINE('',#2490,#2491);
#2490 = CARTESIAN_POINT('',(2.414309165527,-0.325417236662,
    -3.434309165527));
#2491 = VECTOR('',#2492,1.);
#2492 = DIRECTION('',(-0.702740385383,0.110959008218,0.702740385383));
#2493 = ORIENTED_EDGE('',*,*,#1960,.F.);
#2494 = ORIENTED_EDGE('',*,*,#2495,.F.);
#2495 = EDGE_CURVE('',#2496,#1961,#2498,.T.);
#2496 = VERTEX_POINT('',#2497);
#2497 = CARTESIAN_POINT('',(2.182447406934,0.351192514695,
    -3.202447406934));
#2498 = LINE('',#2499,#2500);
#2499 = CARTESIAN_POINT('',(1.958413132695,0.386566347469,
    -2.978413132695));
#2500 = VECTOR('',#2501,1.);
#2501 = DIRECTION('',(-0.702740385383,0.110959008218,0.702740385383));
#2502 = ORIENTED_EDGE('',*,*,#2503,.F.);
#2503 = EDGE_CURVE('',#2504,#2496,#2506,.T.);
#2504 = VERTEX_POINT('',#2505);
#2505 = CARTESIAN_POINT('',(2.38,0.12,-3.4));
#2506 = LINE('',#2507,#2508);
#2507 = CARTESIAN_POINT('',(2.346150901889,0.159613036666,
    -3.366150901889));
#2508 = VECTOR('',#2509,1.);
#2509 = DIRECTION('',(-0.544770019249,0.63753529491,0.544770019249));
#2510 = ORIENTED_EDGE('',*,*,#2511,.T.);
#2511 = EDGE_CURVE('',#2504,#2479,#2512,.T.);
#2512 = LINE('',#2513,#2514);
#2513 = CARTESIAN_POINT('',(2.38,0.32,-3.4));
#2514 = VECTOR('',#2515,1.);
#2515 = DIRECTION('',(-1.224646799147E-16,-1.,0.));
#2516 = PLANE('',#2517);
#2517 = AXIS2_PLACEMENT_3D('',#2518,#2519,#2520);
#2518 = CARTESIAN_POINT('',(2.28,0.32,-3.3));
#2519 = DIRECTION('',(0.707106781187,-8.833102285013E-17,0.707106781187)
  );
#2520 = DIRECTION('',(1.236918052038E-16,1.,1.227125289097E-18));
#2521 = ADVANCED_FACE('',(#2522),#2547,.F.);
#2522 = FACE_BOUND('',#2523,.F.);
#2523 = EDGE_LOOP('',(#2524,#2525,#2531,#2532,#2533,#2541));
#2524 = ORIENTED_EDGE('',*,*,#2089,.F.);
#2525 = ORIENTED_EDGE('',*,*,#2526,.T.);
#2526 = EDGE_CURVE('',#2082,#2002,#2527,.T.);
#2527 = LINE('',#2528,#2529);
#2528 = CARTESIAN_POINT('',(2.82,0.62,-1.5));
#2529 = VECTOR('',#2530,1.);
#2530 = DIRECTION('',(-1.,1.224646799147E-16,0.));
#2531 = ORIENTED_EDGE('',*,*,#2009,.T.);
#2532 = ORIENTED_EDGE('',*,*,#2495,.F.);
#2533 = ORIENTED_EDGE('',*,*,#2534,.F.);
#2534 = EDGE_CURVE('',#2535,#2496,#2537,.T.);
#2535 = VERTEX_POINT('',#2536);
#2536 = CARTESIAN_POINT('',(2.817552593066,0.351192514695,
    -3.202447406934));
#2537 = LINE('',#2538,#2539);
#2538 = CARTESIAN_POINT('',(2.82,0.351192514695,-3.202447406934));
#2539 = VECTOR('',#2540,1.);
#2540 = DIRECTION('',(-1.,1.224646799147E-16,0.));
#2541 = ORIENTED_EDGE('',*,*,#2542,.T.);
#2542 = EDGE_CURVE('',#2535,#2048,#2543,.T.);
#2543 = LINE('',#2544,#2545);
#2544 = CARTESIAN_POINT('',(3.199616963064,0.411518467852,
    -2.820383036936));
#2545 = VECTOR('',#2546,1.);
#2546 = DIRECTION('',(0.702740385383,0.110959008218,0.702740385383));
#2547 = PLANE('',#2548);
#2548 = AXIS2_PLACEMENT_3D('',#2549,#2550,#2551);
#2549 = CARTESIAN_POINT('',(2.82,0.62,-1.5));
#2550 = DIRECTION('',(-1.209660753807E-16,-0.987762965329,0.155962573473
    ));
#2551 = DIRECTION('',(-1.909990663905E-17,-0.155962573473,
    -0.987762965329));
#2552 = ADVANCED_FACE('',(#2553),#2559,.F.);
#2553 = FACE_BOUND('',#2554,.F.);
#2554 = EDGE_LOOP('',(#2555,#2556,#2557,#2558));
#2555 = ORIENTED_EDGE('',*,*,#2106,.T.);
#2556 = ORIENTED_EDGE('',*,*,#2001,.T.);
#2557 = ORIENTED_EDGE('',*,*,#2526,.F.);
#2558 = ORIENTED_EDGE('',*,*,#2081,.F.);
#2559 = PLANE('',#2560);
#2560 = AXIS2_PLACEMENT_3D('',#2561,#2562,#2563);
#2561 = CARTESIAN_POINT('',(2.82,0.32,-0.9));
#2562 = DIRECTION('',(-1.095357396528E-16,-0.894427191,-0.4472135955));
#2563 = DIRECTION('',(5.476786982641E-17,0.4472135955,-0.894427191));
#2564 = ADVANCED_FACE('',(#2565),#2576,.F.);
#2565 = FACE_BOUND('',#2566,.F.);
#2566 = EDGE_LOOP('',(#2567,#2573,#2574,#2575));
#2567 = ORIENTED_EDGE('',*,*,#2568,.T.);
#2568 = EDGE_CURVE('',#2058,#1971,#2569,.T.);
#2569 = LINE('',#2570,#2571);
#2570 = CARTESIAN_POINT('',(2.82,-2.E-02,-1.5));
#2571 = VECTOR('',#2572,1.);
#2572 = DIRECTION('',(-1.,1.224646799147E-16,0.));
#2573 = ORIENTED_EDGE('',*,*,#1978,.T.);
#2574 = ORIENTED_EDGE('',*,*,#2031,.F.);
#2575 = ORIENTED_EDGE('',*,*,#2065,.F.);
#2576 = PLANE('',#2577);
#2577 = AXIS2_PLACEMENT_3D('',#2578,#2579,#2580);
#2578 = CARTESIAN_POINT('',(2.82,-2.E-02,-1.5));
#2579 = DIRECTION('',(1.095357396528E-16,0.894427191,0.4472135955));
#2580 = DIRECTION('',(-5.476786982641E-17,-0.4472135955,0.894427191));
#2581 = ADVANCED_FACE('',(#2582),#2602,.F.);
#2582 = FACE_BOUND('',#2583,.F.);
#2583 = EDGE_LOOP('',(#2584,#2585,#2593,#2599,#2600,#2601));
#2584 = ORIENTED_EDGE('',*,*,#2057,.F.);
#2585 = ORIENTED_EDGE('',*,*,#2586,.F.);
#2586 = EDGE_CURVE('',#2587,#2050,#2589,.T.);
#2587 = VERTEX_POINT('',#2588);
#2588 = CARTESIAN_POINT('',(2.817552593066,-0.288807485305,
    -3.202447406934));
#2589 = LINE('',#2590,#2591);
#2590 = CARTESIAN_POINT('',(2.743720930233,-0.300465116279,
    -3.276279069767));
#2591 = VECTOR('',#2592,1.);
#2592 = DIRECTION('',(0.702740385383,0.110959008218,0.702740385383));
#2593 = ORIENTED_EDGE('',*,*,#2594,.T.);
#2594 = EDGE_CURVE('',#2587,#2481,#2595,.T.);
#2595 = LINE('',#2596,#2597);
#2596 = CARTESIAN_POINT('',(2.82,-0.288807485305,-3.202447406934));
#2597 = VECTOR('',#2598,1.);
#2598 = DIRECTION('',(-1.,1.224646799147E-16,0.));
#2599 = ORIENTED_EDGE('',*,*,#2488,.T.);
#2600 = ORIENTED_EDGE('',*,*,#1970,.T.);
#2601 = ORIENTED_EDGE('',*,*,#2568,.F.);
#2602 = PLANE('',#2603);
#2603 = AXIS2_PLACEMENT_3D('',#2604,#2605,#2606);
#2604 = CARTESIAN_POINT('',(2.82,-0.32,-3.4));
#2605 = DIRECTION('',(1.209660753807E-16,0.987762965329,-0.155962573473)
  );
#2606 = DIRECTION('',(1.909990663905E-17,0.155962573473,0.987762965329)
  );
#2607 = ADVANCED_FACE('',(#2608),#2635,.T.);
#2608 = FACE_BOUND('',#2609,.F.);
#2609 = EDGE_LOOP('',(#2610,#2618,#2619,#2620,#2621,#2629));
#2610 = ORIENTED_EDGE('',*,*,#2611,.T.);
#2611 = EDGE_CURVE('',#2612,#2587,#2614,.T.);
#2612 = VERTEX_POINT('',#2613);
#2613 = CARTESIAN_POINT('',(2.62,-0.12,-3.4));
#2614 = LINE('',#2615,#2616);
#2615 = CARTESIAN_POINT('',(2.655697812072,-0.150503562587,
    -3.364302187928));
#2616 = VECTOR('',#2617,1.);
#2617 = DIRECTION('',(0.605209817607,-0.517148096144,0.605209817607));
#2618 = ORIENTED_EDGE('',*,*,#2586,.T.);
#2619 = ORIENTED_EDGE('',*,*,#2047,.F.);
#2620 = ORIENTED_EDGE('',*,*,#2542,.F.);
#2621 = ORIENTED_EDGE('',*,*,#2622,.F.);
#2622 = EDGE_CURVE('',#2623,#2535,#2625,.T.);
#2623 = VERTEX_POINT('',#2624);
#2624 = CARTESIAN_POINT('',(2.62,0.12,-3.4));
#2625 = LINE('',#2626,#2627);
#2626 = CARTESIAN_POINT('',(2.74881689775,0.270752273427,-3.27118310225)
  );
#2627 = VECTOR('',#2628,1.);
#2628 = DIRECTION('',(0.544770019249,0.63753529491,0.544770019249));
#2629 = ORIENTED_EDGE('',*,*,#2630,.T.);
#2630 = EDGE_CURVE('',#2623,#2612,#2631,.T.);
#2631 = LINE('',#2632,#2633);
#2632 = CARTESIAN_POINT('',(2.62,0.32,-3.4));
#2633 = VECTOR('',#2634,1.);
#2634 = DIRECTION('',(-1.224646799147E-16,-1.,0.));
#2635 = PLANE('',#2636);
#2636 = AXIS2_PLACEMENT_3D('',#2637,#2638,#2639);
#2637 = CARTESIAN_POINT('',(2.72,0.32,-3.3));
#2638 = DIRECTION('',(0.707106781187,-8.486018839685E-17,-0.707106781187
    ));
#2639 = DIRECTION('',(1.212375546256E-16,1.,1.227125289196E-18));
#2640 = ADVANCED_FACE('',(#2641),#2647,.F.);
#2641 = FACE_BOUND('',#2642,.F.);
#2642 = EDGE_LOOP('',(#2643,#2644,#2645,#2646));
#2643 = ORIENTED_EDGE('',*,*,#2128,.T.);
#2644 = ORIENTED_EDGE('',*,*,#2200,.F.);
#2645 = ORIENTED_EDGE('',*,*,#2176,.F.);
#2646 = ORIENTED_EDGE('',*,*,#2161,.T.);
#2647 = PLANE('',#2648);
#2648 = AXIS2_PLACEMENT_3D('',#2649,#2650,#2651);
#2649 = CARTESIAN_POINT('',(0.32,-0.32,6.5));
#2650 = DIRECTION('',(-0.,0.,-1.));
#2651 = DIRECTION('',(1.224646799147E-16,1.,0.));
#2652 = ADVANCED_FACE('',(#2653),#2659,.F.);
#2653 = FACE_BOUND('',#2654,.F.);
#2654 = EDGE_LOOP('',(#2655,#2656,#2657,#2658));
#2655 = ORIENTED_EDGE('',*,*,#2224,.T.);
#2656 = ORIENTED_EDGE('',*,*,#2296,.F.);
#2657 = ORIENTED_EDGE('',*,*,#2272,.F.);
#2658 = ORIENTED_EDGE('',*,*,#2257,.T.);
#2659 = PLANE('',#2660);
#2660 = AXIS2_PLACEMENT_3D('',#2661,#2662,#2663);
#2661 = CARTESIAN_POINT('',(2.82,-0.32,6.5));
#2662 = DIRECTION('',(-0.,0.,-1.));
#2663 = DIRECTION('',(1.224646799147E-16,1.,0.));
#2664 = ADVANCED_FACE('',(#2665),#2676,.T.);
#2665 = FACE_BOUND('',#2666,.F.);
#2666 = EDGE_LOOP('',(#2667,#2668,#2674,#2675));
#2667 = ORIENTED_EDGE('',*,*,#2445,.F.);
#2668 = ORIENTED_EDGE('',*,*,#2669,.T.);
#2669 = EDGE_CURVE('',#2446,#2313,#2670,.T.);
#2670 = LINE('',#2671,#2672);
#2671 = CARTESIAN_POINT('',(0.32,-0.12,-3.4));
#2672 = VECTOR('',#2673,1.);
#2673 = DIRECTION('',(-1.,1.224646799147E-16,0.));
#2674 = ORIENTED_EDGE('',*,*,#2312,.T.);
#2675 = ORIENTED_EDGE('',*,*,#2428,.F.);
#2676 = PLANE('',#2677);
#2677 = AXIS2_PLACEMENT_3D('',#2678,#2679,#2680);
#2678 = CARTESIAN_POINT('',(0.32,-0.204403742653,-3.301223703467));
#2679 = DIRECTION('',(-9.310387150808E-17,-0.760250805153,-0.64962967394
    ));
#2680 = DIRECTION('',(1.,-1.224646799148E-16,-5.515863360725E-29));
#2681 = ADVANCED_FACE('',(#2682),#2693,.F.);
#2682 = FACE_BOUND('',#2683,.F.);
#2683 = EDGE_LOOP('',(#2684,#2685,#2686,#2692));
#2684 = ORIENTED_EDGE('',*,*,#2669,.F.);
#2685 = ORIENTED_EDGE('',*,*,#2464,.F.);
#2686 = ORIENTED_EDGE('',*,*,#2687,.T.);
#2687 = EDGE_CURVE('',#2457,#2338,#2688,.T.);
#2688 = LINE('',#2689,#2690);
#2689 = CARTESIAN_POINT('',(0.32,0.12,-3.4));
#2690 = VECTOR('',#2691,1.);
#2691 = DIRECTION('',(-1.,1.224646799147E-16,0.));
#2692 = ORIENTED_EDGE('',*,*,#2345,.T.);
#2693 = PLANE('',#2694);
#2694 = AXIS2_PLACEMENT_3D('',#2695,#2696,#2697);
#2695 = CARTESIAN_POINT('',(0.32,0.32,-3.4));
#2696 = DIRECTION('',(0.,0.,1.));
#2697 = DIRECTION('',(-1.224646799147E-16,-1.,0.));
#2698 = ADVANCED_FACE('',(#2699),#2705,.T.);
#2699 = FACE_BOUND('',#2700,.T.);
#2700 = EDGE_LOOP('',(#2701,#2702,#2703,#2704));
#2701 = ORIENTED_EDGE('',*,*,#2456,.F.);
#2702 = ORIENTED_EDGE('',*,*,#2687,.T.);
#2703 = ORIENTED_EDGE('',*,*,#2337,.T.);
#2704 = ORIENTED_EDGE('',*,*,#2368,.F.);
#2705 = PLANE('',#2706);
#2706 = AXIS2_PLACEMENT_3D('',#2707,#2708,#2709);
#2707 = CARTESIAN_POINT('',(0.32,0.235596257347,-3.301223703467));
#2708 = DIRECTION('',(8.302774088379E-17,0.64962967394,-0.760250805153)
  );
#2709 = DIRECTION('',(-1.,1.247195775152E-16,-2.638869166629E-18));
#2710 = ADVANCED_FACE('',(#2711),#2722,.T.);
#2711 = FACE_BOUND('',#2712,.F.);
#2712 = EDGE_LOOP('',(#2713,#2714,#2720,#2721));
#2713 = ORIENTED_EDGE('',*,*,#2611,.F.);
#2714 = ORIENTED_EDGE('',*,*,#2715,.T.);
#2715 = EDGE_CURVE('',#2612,#2479,#2716,.T.);
#2716 = LINE('',#2717,#2718);
#2717 = CARTESIAN_POINT('',(2.82,-0.12,-3.4));
#2718 = VECTOR('',#2719,1.);
#2719 = DIRECTION('',(-1.,1.224646799147E-16,0.));
#2720 = ORIENTED_EDGE('',*,*,#2478,.T.);
#2721 = ORIENTED_EDGE('',*,*,#2594,.F.);
#2722 = PLANE('',#2723);
#2723 = AXIS2_PLACEMENT_3D('',#2724,#2725,#2726);
#2724 = CARTESIAN_POINT('',(2.82,-0.204403742653,-3.301223703467));
#2725 = DIRECTION('',(-9.310387150808E-17,-0.760250805153,-0.64962967394
    ));
#2726 = DIRECTION('',(1.,-1.224646799148E-16,-5.515863360725E-29));
#2727 = ADVANCED_FACE('',(#2728),#2739,.F.);
#2728 = FACE_BOUND('',#2729,.F.);
#2729 = EDGE_LOOP('',(#2730,#2731,#2732,#2738));
#2730 = ORIENTED_EDGE('',*,*,#2715,.F.);
#2731 = ORIENTED_EDGE('',*,*,#2630,.F.);
#2732 = ORIENTED_EDGE('',*,*,#2733,.T.);
#2733 = EDGE_CURVE('',#2623,#2504,#2734,.T.);
#2734 = LINE('',#2735,#2736);
#2735 = CARTESIAN_POINT('',(2.82,0.12,-3.4));
#2736 = VECTOR('',#2737,1.);
#2737 = DIRECTION('',(-1.,1.224646799147E-16,0.));
#2738 = ORIENTED_EDGE('',*,*,#2511,.T.);
#2739 = PLANE('',#2740);
#2740 = AXIS2_PLACEMENT_3D('',#2741,#2742,#2743);
#2741 = CARTESIAN_POINT('',(2.82,0.32,-3.4));
#2742 = DIRECTION('',(0.,0.,1.));
#2743 = DIRECTION('',(-1.224646799147E-16,-1.,0.));
#2744 = ADVANCED_FACE('',(#2745),#2751,.T.);
#2745 = FACE_BOUND('',#2746,.T.);
#2746 = EDGE_LOOP('',(#2747,#2748,#2749,#2750));
#2747 = ORIENTED_EDGE('',*,*,#2622,.F.);
#2748 = ORIENTED_EDGE('',*,*,#2733,.T.);
#2749 = ORIENTED_EDGE('',*,*,#2503,.T.);
#2750 = ORIENTED_EDGE('',*,*,#2534,.F.);
#2751 = PLANE('',#2752);
#2752 = AXIS2_PLACEMENT_3D('',#2753,#2754,#2755);
#2753 = CARTESIAN_POINT('',(2.82,0.235596257347,-3.301223703467));
#2754 = DIRECTION('',(8.302774088379E-17,0.64962967394,-0.760250805153)
  );
#2755 = DIRECTION('',(-1.,1.247195775152E-16,-2.638869166629E-18));
#2756 = ( GEOMETRIC_REPRESENTATION_CONTEXT(3) 
GLOBAL_UNCERTAINTY_ASSIGNED_CONTEXT((#2760)) 
GLOBAL_UNIT_ASSIGNED_CONTEXT((#2757,#2758,#2759)) REPRESENTATION_CONTEXT
('Context #1','3D Context with UNIT and UNCERTAINTY') );
#2757 = ( LENGTH_UNIT() NAMED_UNIT(*) SI_UNIT(.MILLI.,.METRE.) );
#2758 = ( NAMED_UNIT(*) PLANE_ANGLE_UNIT() SI_UNIT($,.RADIAN.) );
#2759 = ( NAMED_UNIT(*) SI_UNIT($,.STERADIAN.) SOLID_ANGLE_UNIT() );
#2760 = UNCERTAINTY_MEASURE_WITH_UNIT(LENGTH_MEASURE(1.E-07),#2757,
  'distance_accuracy_value','confusion accuracy');
#2761 = CONTEXT_DEPENDENT_SHAPE_REPRESENTATION(#2762,#2764);
#2762 = ( REPRESENTATION_RELATIONSHIP('','',#40,#10) 
REPRESENTATION_RELATIONSHIP_WITH_TRANSFORMATION(#2763) 
SHAPE_REPRESENTATION_RELATIONSHIP() );
#2763 = ITEM_DEFINED_TRANSFORMATION('','',#11,#15);
#2764 = PRODUCT_DEFINITION_SHAPE('Placement','Placement of an item',
  #2765);
#2765 = NEXT_ASSEMBLY_USAGE_OCCURRENCE('1','CAN_BUS2','',#5,#35,$);
#2766 = PRODUCT_RELATED_PRODUCT_CATEGORY('part',$,(#37));
#2767 = CONTEXT_DEPENDENT_SHAPE_REPRESENTATION(#2768,#2770);
#2768 = ( REPRESENTATION_RELATIONSHIP('','',#40,#10) 
REPRESENTATION_RELATIONSHIP_WITH_TRANSFORMATION(#2769) 
SHAPE_REPRESENTATION_RELATIONSHIP() );
#2769 = ITEM_DEFINED_TRANSFORMATION('','',#11,#19);
#2770 = PRODUCT_DEFINITION_SHAPE('Placement','Placement of an item',
  #2771);
#2771 = NEXT_ASSEMBLY_USAGE_OCCURRENCE('2','CAN_BUS1','',#5,#35,$);
#2772 = SHAPE_DEFINITION_REPRESENTATION(#2773,#2779);
#2773 = PRODUCT_DEFINITION_SHAPE('','',#2774);
#2774 = PRODUCT_DEFINITION('design','',#2775,#2778);
#2775 = PRODUCT_DEFINITION_FORMATION('','',#2776);
#2776 = PRODUCT('CAN hub 2_PCB','CAN hub 2_PCB','',(#2777));
#2777 = PRODUCT_CONTEXT('',#2,'mechanical');
#2778 = PRODUCT_DEFINITION_CONTEXT('part definition',#2,'design');
#2779 = ADVANCED_BREP_SHAPE_REPRESENTATION('',(#11,#2780),#3197);
#2780 = MANIFOLD_SOLID_BREP('',#2781);
#2781 = CLOSED_SHELL('',(#2782,#2822,#2853,#2884,#2975,#3066,#3083,#3095
    ,#3112,#3129,#3146,#3163,#3180));
#2782 = ADVANCED_FACE('',(#2783),#2817,.T.);
#2783 = FACE_BOUND('',#2784,.T.);
#2784 = EDGE_LOOP('',(#2785,#2795,#2803,#2811));
#2785 = ORIENTED_EDGE('',*,*,#2786,.T.);
#2786 = EDGE_CURVE('',#2787,#2789,#2791,.T.);
#2787 = VERTEX_POINT('',#2788);
#2788 = CARTESIAN_POINT('',(60.,-40.,0.));
#2789 = VERTEX_POINT('',#2790);
#2790 = CARTESIAN_POINT('',(60.,-40.,1.51));
#2791 = LINE('',#2792,#2793);
#2792 = CARTESIAN_POINT('',(60.,-40.,0.));
#2793 = VECTOR('',#2794,1.);
#2794 = DIRECTION('',(0.,0.,1.));
#2795 = ORIENTED_EDGE('',*,*,#2796,.T.);
#2796 = EDGE_CURVE('',#2789,#2797,#2799,.T.);
#2797 = VERTEX_POINT('',#2798);
#2798 = CARTESIAN_POINT('',(60.,-48.,1.51));
#2799 = LINE('',#2800,#2801);
#2800 = CARTESIAN_POINT('',(60.,-40.,1.51));
#2801 = VECTOR('',#2802,1.);
#2802 = DIRECTION('',(0.,-1.,0.));
#2803 = ORIENTED_EDGE('',*,*,#2804,.F.);
#2804 = EDGE_CURVE('',#2805,#2797,#2807,.T.);
#2805 = VERTEX_POINT('',#2806);
#2806 = CARTESIAN_POINT('',(60.,-48.,0.));
#2807 = LINE('',#2808,#2809);
#2808 = CARTESIAN_POINT('',(60.,-48.,0.));
#2809 = VECTOR('',#2810,1.);
#2810 = DIRECTION('',(0.,0.,1.));
#2811 = ORIENTED_EDGE('',*,*,#2812,.F.);
#2812 = EDGE_CURVE('',#2787,#2805,#2813,.T.);
#2813 = LINE('',#2814,#2815);
#2814 = CARTESIAN_POINT('',(60.,-40.,0.));
#2815 = VECTOR('',#2816,1.);
#2816 = DIRECTION('',(0.,-1.,0.));
#2817 = PLANE('',#2818);
#2818 = AXIS2_PLACEMENT_3D('',#2819,#2820,#2821);
#2819 = CARTESIAN_POINT('',(60.,-40.,0.));
#2820 = DIRECTION('',(1.,0.,-0.));
#2821 = DIRECTION('',(0.,-1.,0.));
#2822 = ADVANCED_FACE('',(#2823),#2848,.T.);
#2823 = FACE_BOUND('',#2824,.T.);
#2824 = EDGE_LOOP('',(#2825,#2835,#2841,#2842));
#2825 = ORIENTED_EDGE('',*,*,#2826,.T.);
#2826 = EDGE_CURVE('',#2827,#2829,#2831,.T.);
#2827 = VERTEX_POINT('',#2828);
#2828 = CARTESIAN_POINT('',(60.,-19.,0.));
#2829 = VERTEX_POINT('',#2830);
#2830 = CARTESIAN_POINT('',(60.,-19.,1.51));
#2831 = LINE('',#2832,#2833);
#2832 = CARTESIAN_POINT('',(60.,-19.,0.));
#2833 = VECTOR('',#2834,1.);
#2834 = DIRECTION('',(0.,0.,1.));
#2835 = ORIENTED_EDGE('',*,*,#2836,.T.);
#2836 = EDGE_CURVE('',#2829,#2789,#2837,.T.);
#2837 = LINE('',#2838,#2839);
#2838 = CARTESIAN_POINT('',(60.,-19.,1.51));
#2839 = VECTOR('',#2840,1.);
#2840 = DIRECTION('',(0.,-1.,0.));
#2841 = ORIENTED_EDGE('',*,*,#2786,.F.);
#2842 = ORIENTED_EDGE('',*,*,#2843,.F.);
#2843 = EDGE_CURVE('',#2827,#2787,#2844,.T.);
#2844 = LINE('',#2845,#2846);
#2845 = CARTESIAN_POINT('',(60.,-19.,0.));
#2846 = VECTOR('',#2847,1.);
#2847 = DIRECTION('',(0.,-1.,0.));
#2848 = PLANE('',#2849);
#2849 = AXIS2_PLACEMENT_3D('',#2850,#2851,#2852);
#2850 = CARTESIAN_POINT('',(60.,-19.,0.));
#2851 = DIRECTION('',(1.,0.,-0.));
#2852 = DIRECTION('',(0.,-1.,0.));
#2853 = ADVANCED_FACE('',(#2854),#2879,.T.);
#2854 = FACE_BOUND('',#2855,.T.);
#2855 = EDGE_LOOP('',(#2856,#2857,#2865,#2873));
#2856 = ORIENTED_EDGE('',*,*,#2804,.T.);
#2857 = ORIENTED_EDGE('',*,*,#2858,.T.);
#2858 = EDGE_CURVE('',#2797,#2859,#2861,.T.);
#2859 = VERTEX_POINT('',#2860);
#2860 = CARTESIAN_POINT('',(50.,-48.,1.51));
#2861 = LINE('',#2862,#2863);
#2862 = CARTESIAN_POINT('',(60.,-48.,1.51));
#2863 = VECTOR('',#2864,1.);
#2864 = DIRECTION('',(-1.,0.,0.));
#2865 = ORIENTED_EDGE('',*,*,#2866,.F.);
#2866 = EDGE_CURVE('',#2867,#2859,#2869,.T.);
#2867 = VERTEX_POINT('',#2868);
#2868 = CARTESIAN_POINT('',(50.,-48.,0.));
#2869 = LINE('',#2870,#2871);
#2870 = CARTESIAN_POINT('',(50.,-48.,0.));
#2871 = VECTOR('',#2872,1.);
#2872 = DIRECTION('',(0.,0.,1.));
#2873 = ORIENTED_EDGE('',*,*,#2874,.F.);
#2874 = EDGE_CURVE('',#2805,#2867,#2875,.T.);
#2875 = LINE('',#2876,#2877);
#2876 = CARTESIAN_POINT('',(60.,-48.,0.));
#2877 = VECTOR('',#2878,1.);
#2878 = DIRECTION('',(-1.,0.,0.));
#2879 = PLANE('',#2880);
#2880 = AXIS2_PLACEMENT_3D('',#2881,#2882,#2883);
#2881 = CARTESIAN_POINT('',(60.,-48.,0.));
#2882 = DIRECTION('',(0.,-1.,0.));
#2883 = DIRECTION('',(-1.,0.,0.));
#2884 = ADVANCED_FACE('',(#2885,#2904,#2915,#2926,#2937,#2948,#2959),
  #2970,.F.);
#2885 = FACE_BOUND('',#2886,.F.);
#2886 = EDGE_LOOP('',(#2887,#2888,#2889,#2897,#2903));
#2887 = ORIENTED_EDGE('',*,*,#2812,.F.);
#2888 = ORIENTED_EDGE('',*,*,#2843,.F.);
#2889 = ORIENTED_EDGE('',*,*,#2890,.F.);
#2890 = EDGE_CURVE('',#2891,#2827,#2893,.T.);
#2891 = VERTEX_POINT('',#2892);
#2892 = CARTESIAN_POINT('',(50.,-19.,0.));
#2893 = LINE('',#2894,#2895);
#2894 = CARTESIAN_POINT('',(50.,-19.,0.));
#2895 = VECTOR('',#2896,1.);
#2896 = DIRECTION('',(1.,0.,0.));
#2897 = ORIENTED_EDGE('',*,*,#2898,.F.);
#2898 = EDGE_CURVE('',#2867,#2891,#2899,.T.);
#2899 = LINE('',#2900,#2901);
#2900 = CARTESIAN_POINT('',(50.,-48.,0.));
#2901 = VECTOR('',#2902,1.);
#2902 = DIRECTION('',(0.,1.,0.));
#2903 = ORIENTED_EDGE('',*,*,#2874,.F.);
#2904 = FACE_BOUND('',#2905,.F.);
#2905 = EDGE_LOOP('',(#2906));
#2906 = ORIENTED_EDGE('',*,*,#2907,.F.);
#2907 = EDGE_CURVE('',#2908,#2908,#2910,.T.);
#2908 = VERTEX_POINT('',#2909);
#2909 = CARTESIAN_POINT('',(56.75,-44.75,0.));
#2910 = CIRCLE('',#2911,1.75);
#2911 = AXIS2_PLACEMENT_3D('',#2912,#2913,#2914);
#2912 = CARTESIAN_POINT('',(55.,-44.75,0.));
#2913 = DIRECTION('',(0.,0.,1.));
#2914 = DIRECTION('',(1.,0.,-0.));
#2915 = FACE_BOUND('',#2916,.F.);
#2916 = EDGE_LOOP('',(#2917));
#2917 = ORIENTED_EDGE('',*,*,#2918,.T.);
#2918 = EDGE_CURVE('',#2919,#2919,#2921,.T.);
#2919 = VERTEX_POINT('',#2920);
#2920 = CARTESIAN_POINT('',(53.8,-37.5,0.));
#2921 = CIRCLE('',#2922,0.5);
#2922 = AXIS2_PLACEMENT_3D('',#2923,#2924,#2925);
#2923 = CARTESIAN_POINT('',(53.8,-37.,0.));
#2924 = DIRECTION('',(-0.,0.,-1.));
#2925 = DIRECTION('',(-0.,-1.,0.));
#2926 = FACE_BOUND('',#2927,.F.);
#2927 = EDGE_LOOP('',(#2928));
#2928 = ORIENTED_EDGE('',*,*,#2929,.T.);
#2929 = EDGE_CURVE('',#2930,#2930,#2932,.T.);
#2930 = VERTEX_POINT('',#2931);
#2931 = CARTESIAN_POINT('',(56.3,-37.5,0.));
#2932 = CIRCLE('',#2933,0.5);
#2933 = AXIS2_PLACEMENT_3D('',#2934,#2935,#2936);
#2934 = CARTESIAN_POINT('',(56.3,-37.,0.));
#2935 = DIRECTION('',(-0.,0.,-1.));
#2936 = DIRECTION('',(-0.,-1.,0.));
#2937 = FACE_BOUND('',#2938,.F.);
#2938 = EDGE_LOOP('',(#2939));
#2939 = ORIENTED_EDGE('',*,*,#2940,.T.);
#2940 = EDGE_CURVE('',#2941,#2941,#2943,.T.);
#2941 = VERTEX_POINT('',#2942);
#2942 = CARTESIAN_POINT('',(53.8,-29.3,0.));
#2943 = CIRCLE('',#2944,0.5);
#2944 = AXIS2_PLACEMENT_3D('',#2945,#2946,#2947);
#2945 = CARTESIAN_POINT('',(53.8,-28.8,0.));
#2946 = DIRECTION('',(-0.,0.,-1.));
#2947 = DIRECTION('',(-0.,-1.,0.));
#2948 = FACE_BOUND('',#2949,.F.);
#2949 = EDGE_LOOP('',(#2950));
#2950 = ORIENTED_EDGE('',*,*,#2951,.F.);
#2951 = EDGE_CURVE('',#2952,#2952,#2954,.T.);
#2952 = VERTEX_POINT('',#2953);
#2953 = CARTESIAN_POINT('',(56.75,-22.,0.));
#2954 = CIRCLE('',#2955,1.75);
#2955 = AXIS2_PLACEMENT_3D('',#2956,#2957,#2958);
#2956 = CARTESIAN_POINT('',(55.,-22.,0.));
#2957 = DIRECTION('',(0.,0.,1.));
#2958 = DIRECTION('',(1.,0.,-0.));
#2959 = FACE_BOUND('',#2960,.F.);
#2960 = EDGE_LOOP('',(#2961));
#2961 = ORIENTED_EDGE('',*,*,#2962,.T.);
#2962 = EDGE_CURVE('',#2963,#2963,#2965,.T.);
#2963 = VERTEX_POINT('',#2964);
#2964 = CARTESIAN_POINT('',(56.3,-29.3,0.));
#2965 = CIRCLE('',#2966,0.5);
#2966 = AXIS2_PLACEMENT_3D('',#2967,#2968,#2969);
#2967 = CARTESIAN_POINT('',(56.3,-28.8,0.));
#2968 = DIRECTION('',(-0.,0.,-1.));
#2969 = DIRECTION('',(-0.,-1.,0.));
#2970 = PLANE('',#2971);
#2971 = AXIS2_PLACEMENT_3D('',#2972,#2973,#2974);
#2972 = CARTESIAN_POINT('',(0.,0.,0.));
#2973 = DIRECTION('',(0.,0.,1.));
#2974 = DIRECTION('',(1.,0.,-0.));
#2975 = ADVANCED_FACE('',(#2976,#2995,#3006,#3017,#3028,#3039,#3050),
  #3061,.T.);
#2976 = FACE_BOUND('',#2977,.T.);
#2977 = EDGE_LOOP('',(#2978,#2979,#2980,#2988,#2994));
#2978 = ORIENTED_EDGE('',*,*,#2796,.F.);
#2979 = ORIENTED_EDGE('',*,*,#2836,.F.);
#2980 = ORIENTED_EDGE('',*,*,#2981,.F.);
#2981 = EDGE_CURVE('',#2982,#2829,#2984,.T.);
#2982 = VERTEX_POINT('',#2983);
#2983 = CARTESIAN_POINT('',(50.,-19.,1.51));
#2984 = LINE('',#2985,#2986);
#2985 = CARTESIAN_POINT('',(50.,-19.,1.51));
#2986 = VECTOR('',#2987,1.);
#2987 = DIRECTION('',(1.,0.,0.));
#2988 = ORIENTED_EDGE('',*,*,#2989,.F.);
#2989 = EDGE_CURVE('',#2859,#2982,#2990,.T.);
#2990 = LINE('',#2991,#2992);
#2991 = CARTESIAN_POINT('',(50.,-48.,1.51));
#2992 = VECTOR('',#2993,1.);
#2993 = DIRECTION('',(0.,1.,0.));
#2994 = ORIENTED_EDGE('',*,*,#2858,.F.);
#2995 = FACE_BOUND('',#2996,.T.);
#2996 = EDGE_LOOP('',(#2997));
#2997 = ORIENTED_EDGE('',*,*,#2998,.F.);
#2998 = EDGE_CURVE('',#2999,#2999,#3001,.T.);
#2999 = VERTEX_POINT('',#3000);
#3000 = CARTESIAN_POINT('',(56.75,-44.75,1.51));
#3001 = CIRCLE('',#3002,1.75);
#3002 = AXIS2_PLACEMENT_3D('',#3003,#3004,#3005);
#3003 = CARTESIAN_POINT('',(55.,-44.75,1.51));
#3004 = DIRECTION('',(0.,0.,1.));
#3005 = DIRECTION('',(1.,0.,-0.));
#3006 = FACE_BOUND('',#3007,.T.);
#3007 = EDGE_LOOP('',(#3008));
#3008 = ORIENTED_EDGE('',*,*,#3009,.T.);
#3009 = EDGE_CURVE('',#3010,#3010,#3012,.T.);
#3010 = VERTEX_POINT('',#3011);
#3011 = CARTESIAN_POINT('',(53.8,-37.5,1.51));
#3012 = CIRCLE('',#3013,0.5);
#3013 = AXIS2_PLACEMENT_3D('',#3014,#3015,#3016);
#3014 = CARTESIAN_POINT('',(53.8,-37.,1.51));
#3015 = DIRECTION('',(-0.,0.,-1.));
#3016 = DIRECTION('',(-0.,-1.,0.));
#3017 = FACE_BOUND('',#3018,.T.);
#3018 = EDGE_LOOP('',(#3019));
#3019 = ORIENTED_EDGE('',*,*,#3020,.T.);
#3020 = EDGE_CURVE('',#3021,#3021,#3023,.T.);
#3021 = VERTEX_POINT('',#3022);
#3022 = CARTESIAN_POINT('',(56.3,-37.5,1.51));
#3023 = CIRCLE('',#3024,0.5);
#3024 = AXIS2_PLACEMENT_3D('',#3025,#3026,#3027);
#3025 = CARTESIAN_POINT('',(56.3,-37.,1.51));
#3026 = DIRECTION('',(-0.,0.,-1.));
#3027 = DIRECTION('',(-0.,-1.,0.));
#3028 = FACE_BOUND('',#3029,.T.);
#3029 = EDGE_LOOP('',(#3030));
#3030 = ORIENTED_EDGE('',*,*,#3031,.T.);
#3031 = EDGE_CURVE('',#3032,#3032,#3034,.T.);
#3032 = VERTEX_POINT('',#3033);
#3033 = CARTESIAN_POINT('',(53.8,-29.3,1.51));
#3034 = CIRCLE('',#3035,0.5);
#3035 = AXIS2_PLACEMENT_3D('',#3036,#3037,#3038);
#3036 = CARTESIAN_POINT('',(53.8,-28.8,1.51));
#3037 = DIRECTION('',(-0.,0.,-1.));
#3038 = DIRECTION('',(-0.,-1.,0.));
#3039 = FACE_BOUND('',#3040,.T.);
#3040 = EDGE_LOOP('',(#3041));
#3041 = ORIENTED_EDGE('',*,*,#3042,.F.);
#3042 = EDGE_CURVE('',#3043,#3043,#3045,.T.);
#3043 = VERTEX_POINT('',#3044);
#3044 = CARTESIAN_POINT('',(56.75,-22.,1.51));
#3045 = CIRCLE('',#3046,1.75);
#3046 = AXIS2_PLACEMENT_3D('',#3047,#3048,#3049);
#3047 = CARTESIAN_POINT('',(55.,-22.,1.51));
#3048 = DIRECTION('',(0.,0.,1.));
#3049 = DIRECTION('',(1.,0.,-0.));
#3050 = FACE_BOUND('',#3051,.T.);
#3051 = EDGE_LOOP('',(#3052));
#3052 = ORIENTED_EDGE('',*,*,#3053,.T.);
#3053 = EDGE_CURVE('',#3054,#3054,#3056,.T.);
#3054 = VERTEX_POINT('',#3055);
#3055 = CARTESIAN_POINT('',(56.3,-29.3,1.51));
#3056 = CIRCLE('',#3057,0.5);
#3057 = AXIS2_PLACEMENT_3D('',#3058,#3059,#3060);
#3058 = CARTESIAN_POINT('',(56.3,-28.8,1.51));
#3059 = DIRECTION('',(-0.,0.,-1.));
#3060 = DIRECTION('',(-0.,-1.,0.));
#3061 = PLANE('',#3062);
#3062 = AXIS2_PLACEMENT_3D('',#3063,#3064,#3065);
#3063 = CARTESIAN_POINT('',(0.,0.,1.51));
#3064 = DIRECTION('',(0.,0.,1.));
#3065 = DIRECTION('',(1.,0.,-0.));
#3066 = ADVANCED_FACE('',(#3067),#3078,.T.);
#3067 = FACE_BOUND('',#3068,.T.);
#3068 = EDGE_LOOP('',(#3069,#3075,#3076,#3077));
#3069 = ORIENTED_EDGE('',*,*,#3070,.T.);
#3070 = EDGE_CURVE('',#2891,#2982,#3071,.T.);
#3071 = LINE('',#3072,#3073);
#3072 = CARTESIAN_POINT('',(50.,-19.,0.));
#3073 = VECTOR('',#3074,1.);
#3074 = DIRECTION('',(0.,0.,1.));
#3075 = ORIENTED_EDGE('',*,*,#2981,.T.);
#3076 = ORIENTED_EDGE('',*,*,#2826,.F.);
#3077 = ORIENTED_EDGE('',*,*,#2890,.F.);
#3078 = PLANE('',#3079);
#3079 = AXIS2_PLACEMENT_3D('',#3080,#3081,#3082);
#3080 = CARTESIAN_POINT('',(50.,-19.,0.));
#3081 = DIRECTION('',(0.,1.,0.));
#3082 = DIRECTION('',(1.,0.,0.));
#3083 = ADVANCED_FACE('',(#3084),#3090,.T.);
#3084 = FACE_BOUND('',#3085,.T.);
#3085 = EDGE_LOOP('',(#3086,#3087,#3088,#3089));
#3086 = ORIENTED_EDGE('',*,*,#2866,.T.);
#3087 = ORIENTED_EDGE('',*,*,#2989,.T.);
#3088 = ORIENTED_EDGE('',*,*,#3070,.F.);
#3089 = ORIENTED_EDGE('',*,*,#2898,.F.);
#3090 = PLANE('',#3091);
#3091 = AXIS2_PLACEMENT_3D('',#3092,#3093,#3094);
#3092 = CARTESIAN_POINT('',(50.,-48.,0.));
#3093 = DIRECTION('',(-1.,0.,0.));
#3094 = DIRECTION('',(0.,1.,0.));
#3095 = ADVANCED_FACE('',(#3096),#3107,.F.);
#3096 = FACE_BOUND('',#3097,.T.);
#3097 = EDGE_LOOP('',(#3098,#3104,#3105,#3106));
#3098 = ORIENTED_EDGE('',*,*,#3099,.T.);
#3099 = EDGE_CURVE('',#2908,#2999,#3100,.T.);
#3100 = LINE('',#3101,#3102);
#3101 = CARTESIAN_POINT('',(56.75,-44.75,0.));
#3102 = VECTOR('',#3103,1.);
#3103 = DIRECTION('',(0.,0.,1.));
#3104 = ORIENTED_EDGE('',*,*,#2998,.T.);
#3105 = ORIENTED_EDGE('',*,*,#3099,.F.);
#3106 = ORIENTED_EDGE('',*,*,#2907,.F.);
#3107 = CYLINDRICAL_SURFACE('',#3108,1.75);
#3108 = AXIS2_PLACEMENT_3D('',#3109,#3110,#3111);
#3109 = CARTESIAN_POINT('',(55.,-44.75,0.));
#3110 = DIRECTION('',(-0.,-0.,-1.));
#3111 = DIRECTION('',(1.,0.,-0.));
#3112 = ADVANCED_FACE('',(#3113),#3124,.F.);
#3113 = FACE_BOUND('',#3114,.T.);
#3114 = EDGE_LOOP('',(#3115,#3116,#3122,#3123));
#3115 = ORIENTED_EDGE('',*,*,#2918,.T.);
#3116 = ORIENTED_EDGE('',*,*,#3117,.T.);
#3117 = EDGE_CURVE('',#2919,#3010,#3118,.T.);
#3118 = LINE('',#3119,#3120);
#3119 = CARTESIAN_POINT('',(53.8,-37.5,-4.6E-02));
#3120 = VECTOR('',#3121,1.);
#3121 = DIRECTION('',(0.,0.,1.));
#3122 = ORIENTED_EDGE('',*,*,#3009,.F.);
#3123 = ORIENTED_EDGE('',*,*,#3117,.F.);
#3124 = CYLINDRICAL_SURFACE('',#3125,0.5);
#3125 = AXIS2_PLACEMENT_3D('',#3126,#3127,#3128);
#3126 = CARTESIAN_POINT('',(53.8,-37.,-4.6E-02));
#3127 = DIRECTION('',(-0.,-0.,-1.));
#3128 = DIRECTION('',(-0.,-1.,0.));
#3129 = ADVANCED_FACE('',(#3130),#3141,.F.);
#3130 = FACE_BOUND('',#3131,.T.);
#3131 = EDGE_LOOP('',(#3132,#3133,#3139,#3140));
#3132 = ORIENTED_EDGE('',*,*,#2929,.T.);
#3133 = ORIENTED_EDGE('',*,*,#3134,.T.);
#3134 = EDGE_CURVE('',#2930,#3021,#3135,.T.);
#3135 = LINE('',#3136,#3137);
#3136 = CARTESIAN_POINT('',(56.3,-37.5,-4.6E-02));
#3137 = VECTOR('',#3138,1.);
#3138 = DIRECTION('',(0.,0.,1.));
#3139 = ORIENTED_EDGE('',*,*,#3020,.F.);
#3140 = ORIENTED_EDGE('',*,*,#3134,.F.);
#3141 = CYLINDRICAL_SURFACE('',#3142,0.5);
#3142 = AXIS2_PLACEMENT_3D('',#3143,#3144,#3145);
#3143 = CARTESIAN_POINT('',(56.3,-37.,-4.6E-02));
#3144 = DIRECTION('',(-0.,-0.,-1.));
#3145 = DIRECTION('',(-0.,-1.,0.));
#3146 = ADVANCED_FACE('',(#3147),#3158,.F.);
#3147 = FACE_BOUND('',#3148,.T.);
#3148 = EDGE_LOOP('',(#3149,#3150,#3156,#3157));
#3149 = ORIENTED_EDGE('',*,*,#2940,.T.);
#3150 = ORIENTED_EDGE('',*,*,#3151,.T.);
#3151 = EDGE_CURVE('',#2941,#3032,#3152,.T.);
#3152 = LINE('',#3153,#3154);
#3153 = CARTESIAN_POINT('',(53.8,-29.3,-4.6E-02));
#3154 = VECTOR('',#3155,1.);
#3155 = DIRECTION('',(0.,0.,1.));
#3156 = ORIENTED_EDGE('',*,*,#3031,.F.);
#3157 = ORIENTED_EDGE('',*,*,#3151,.F.);
#3158 = CYLINDRICAL_SURFACE('',#3159,0.5);
#3159 = AXIS2_PLACEMENT_3D('',#3160,#3161,#3162);
#3160 = CARTESIAN_POINT('',(53.8,-28.8,-4.6E-02));
#3161 = DIRECTION('',(-0.,-0.,-1.));
#3162 = DIRECTION('',(-0.,-1.,0.));
#3163 = ADVANCED_FACE('',(#3164),#3175,.F.);
#3164 = FACE_BOUND('',#3165,.T.);
#3165 = EDGE_LOOP('',(#3166,#3172,#3173,#3174));
#3166 = ORIENTED_EDGE('',*,*,#3167,.T.);
#3167 = EDGE_CURVE('',#2952,#3043,#3168,.T.);
#3168 = LINE('',#3169,#3170);
#3169 = CARTESIAN_POINT('',(56.75,-22.,0.));
#3170 = VECTOR('',#3171,1.);
#3171 = DIRECTION('',(0.,0.,1.));
#3172 = ORIENTED_EDGE('',*,*,#3042,.T.);
#3173 = ORIENTED_EDGE('',*,*,#3167,.F.);
#3174 = ORIENTED_EDGE('',*,*,#2951,.F.);
#3175 = CYLINDRICAL_SURFACE('',#3176,1.75);
#3176 = AXIS2_PLACEMENT_3D('',#3177,#3178,#3179);
#3177 = CARTESIAN_POINT('',(55.,-22.,0.));
#3178 = DIRECTION('',(-0.,-0.,-1.));
#3179 = DIRECTION('',(1.,0.,-0.));
#3180 = ADVANCED_FACE('',(#3181),#3192,.F.);
#3181 = FACE_BOUND('',#3182,.T.);
#3182 = EDGE_LOOP('',(#3183,#3184,#3190,#3191));
#3183 = ORIENTED_EDGE('',*,*,#2962,.T.);
#3184 = ORIENTED_EDGE('',*,*,#3185,.T.);
#3185 = EDGE_CURVE('',#2963,#3054,#3186,.T.);
#3186 = LINE('',#3187,#3188);
#3187 = CARTESIAN_POINT('',(56.3,-29.3,-4.6E-02));
#3188 = VECTOR('',#3189,1.);
#3189 = DIRECTION('',(0.,0.,1.));
#3190 = ORIENTED_EDGE('',*,*,#3053,.F.);
#3191 = ORIENTED_EDGE('',*,*,#3185,.F.);
#3192 = CYLINDRICAL_SURFACE('',#3193,0.5);
#3193 = AXIS2_PLACEMENT_3D('',#3194,#3195,#3196);
#3194 = CARTESIAN_POINT('',(56.3,-28.8,-4.6E-02));
#3195 = DIRECTION('',(-0.,-0.,-1.));
#3196 = DIRECTION('',(-0.,-1.,0.));
#3197 = ( GEOMETRIC_REPRESENTATION_CONTEXT(3) 
GLOBAL_UNCERTAINTY_ASSIGNED_CONTEXT((#3201)) 
GLOBAL_UNIT_ASSIGNED_CONTEXT((#3198,#3199,#3200)) REPRESENTATION_CONTEXT
('Context #1','3D Context with UNIT and UNCERTAINTY') );
#3198 = ( LENGTH_UNIT() NAMED_UNIT(*) SI_UNIT(.MILLI.,.METRE.) );
#3199 = ( NAMED_UNIT(*) PLANE_ANGLE_UNIT() SI_UNIT($,.RADIAN.) );
#3200 = ( NAMED_UNIT(*) SI_UNIT($,.STERADIAN.) SOLID_ANGLE_UNIT() );
#3201 = UNCERTAINTY_MEASURE_WITH_UNIT(LENGTH_MEASURE(1.E-07),#3198,
  'distance_accuracy_value','confusion accuracy');
#3202 = CONTEXT_DEPENDENT_SHAPE_REPRESENTATION(#3203,#3205);
#3203 = ( REPRESENTATION_RELATIONSHIP('','',#2779,#10) 
REPRESENTATION_RELATIONSHIP_WITH_TRANSFORMATION(#3204) 
SHAPE_REPRESENTATION_RELATIONSHIP() );
#3204 = ITEM_DEFINED_TRANSFORMATION('','',#11,#23);
#3205 = PRODUCT_DEFINITION_SHAPE('Placement','Placement of an item',
  #3206);
#3206 = NEXT_ASSEMBLY_USAGE_OCCURRENCE('3','=>[0:1:1:3]','',#5,#2774,$);
#3207 = PRODUCT_RELATED_PRODUCT_CATEGORY('part',$,(#2776));
#3208 = MECHANICAL_DESIGN_GEOMETRIC_PRESENTATION_REPRESENTATION('',(
    #3209),#3197);
#3209 = STYLED_ITEM('color',(#3210),#2780);
#3210 = PRESENTATION_STYLE_ASSIGNMENT((#3211));
#3211 = SURFACE_STYLE_USAGE(.BOTH.,#3212);
#3212 = SURFACE_SIDE_STYLE('',(#3213));
#3213 = SURFACE_STYLE_FILL_AREA(#3214);
#3214 = FILL_AREA_STYLE('',(#3215));
#3215 = FILL_AREA_STYLE_COLOUR('',#3216);
#3216 = COLOUR_RGB('',0.313304153717,0.484529207832,0.410020903123);
#3217 = MECHANICAL_DESIGN_GEOMETRIC_PRESENTATION_REPRESENTATION('',(
    #3218,#3226,#3233,#3240,#3247,#3254,#3261,#3268,#3275,#3282,#3289,
    #3296,#3303,#3310,#3317,#3324,#3331,#3338,#3345,#3352,#3359,#3366,
    #3373,#3380,#3387,#3394,#3401,#3408,#3415,#3422,#3429,#3436,#3443,
    #3450,#3457,#3464,#3471,#3478,#3485,#3492,#3499,#3506,#3513,#3520,
    #3527,#3534,#3542,#3549,#3556,#3563,#3570,#3577,#3584,#3591,#3598,
    #3605,#3612,#3619,#3626,#3633,#3640,#3647,#3654,#3661,#3668,#3675,
    #3682,#3689,#3696,#3703,#3710,#3717,#3724,#3731,#3738,#3745,#3752,
    #3759,#3766,#3773,#3780,#3787,#3794,#3801,#3808,#3815,#3822,#3829,
    #3836),#2756);
#3218 = STYLED_ITEM('color',(#3219),#43);
#3219 = PRESENTATION_STYLE_ASSIGNMENT((#3220));
#3220 = SURFACE_STYLE_USAGE(.BOTH.,#3221);
#3221 = SURFACE_SIDE_STYLE('',(#3222));
#3222 = SURFACE_STYLE_FILL_AREA(#3223);
#3223 = FILL_AREA_STYLE('',(#3224));
#3224 = FILL_AREA_STYLE_COLOUR('',#3225);
#3225 = COLOUR_RGB('',0.894117649055,0.890196087049,0.811764731185);
#3226 = STYLED_ITEM('color',(#3227),#115);
#3227 = PRESENTATION_STYLE_ASSIGNMENT((#3228));
#3228 = SURFACE_STYLE_USAGE(.BOTH.,#3229);
#3229 = SURFACE_SIDE_STYLE('',(#3230));
#3230 = SURFACE_STYLE_FILL_AREA(#3231);
#3231 = FILL_AREA_STYLE('',(#3232));
#3232 = FILL_AREA_STYLE_COLOUR('',#3225);
#3233 = STYLED_ITEM('color',(#3234),#154);
#3234 = PRESENTATION_STYLE_ASSIGNMENT((#3235));
#3235 = SURFACE_STYLE_USAGE(.BOTH.,#3236);
#3236 = SURFACE_SIDE_STYLE('',(#3237));
#3237 = SURFACE_STYLE_FILL_AREA(#3238);
#3238 = FILL_AREA_STYLE('',(#3239));
#3239 = FILL_AREA_STYLE_COLOUR('',#3225);
#3240 = STYLED_ITEM('color',(#3241),#178);
#3241 = PRESENTATION_STYLE_ASSIGNMENT((#3242));
#3242 = SURFACE_STYLE_USAGE(.BOTH.,#3243);
#3243 = SURFACE_SIDE_STYLE('',(#3244));
#3244 = SURFACE_STYLE_FILL_AREA(#3245);
#3245 = FILL_AREA_STYLE('',(#3246));
#3246 = FILL_AREA_STYLE_COLOUR('',#3225);
#3247 = STYLED_ITEM('color',(#3248),#243);
#3248 = PRESENTATION_STYLE_ASSIGNMENT((#3249));
#3249 = SURFACE_STYLE_USAGE(.BOTH.,#3250);
#3250 = SURFACE_SIDE_STYLE('',(#3251));
#3251 = SURFACE_STYLE_FILL_AREA(#3252);
#3252 = FILL_AREA_STYLE('',(#3253));
#3253 = FILL_AREA_STYLE_COLOUR('',#3225);
#3254 = STYLED_ITEM('color',(#3255),#267);
#3255 = PRESENTATION_STYLE_ASSIGNMENT((#3256));
#3256 = SURFACE_STYLE_USAGE(.BOTH.,#3257);
#3257 = SURFACE_SIDE_STYLE('',(#3258));
#3258 = SURFACE_STYLE_FILL_AREA(#3259);
#3259 = FILL_AREA_STYLE('',(#3260));
#3260 = FILL_AREA_STYLE_COLOUR('',#3225);
#3261 = STYLED_ITEM('color',(#3262),#355);
#3262 = PRESENTATION_STYLE_ASSIGNMENT((#3263));
#3263 = SURFACE_STYLE_USAGE(.BOTH.,#3264);
#3264 = SURFACE_SIDE_STYLE('',(#3265));
#3265 = SURFACE_STYLE_FILL_AREA(#3266);
#3266 = FILL_AREA_STYLE('',(#3267));
#3267 = FILL_AREA_STYLE_COLOUR('',#3225);
#3268 = STYLED_ITEM('color',(#3269),#379);
#3269 = PRESENTATION_STYLE_ASSIGNMENT((#3270));
#3270 = SURFACE_STYLE_USAGE(.BOTH.,#3271);
#3271 = SURFACE_SIDE_STYLE('',(#3272));
#3272 = SURFACE_STYLE_FILL_AREA(#3273);
#3273 = FILL_AREA_STYLE('',(#3274));
#3274 = FILL_AREA_STYLE_COLOUR('',#3225);
#3275 = STYLED_ITEM('color',(#3276),#444);
#3276 = PRESENTATION_STYLE_ASSIGNMENT((#3277));
#3277 = SURFACE_STYLE_USAGE(.BOTH.,#3278);
#3278 = SURFACE_SIDE_STYLE('',(#3279));
#3279 = SURFACE_STYLE_FILL_AREA(#3280);
#3280 = FILL_AREA_STYLE('',(#3281));
#3281 = FILL_AREA_STYLE_COLOUR('',#3225);
#3282 = STYLED_ITEM('color',(#3283),#469);
#3283 = PRESENTATION_STYLE_ASSIGNMENT((#3284));
#3284 = SURFACE_STYLE_USAGE(.BOTH.,#3285);
#3285 = SURFACE_SIDE_STYLE('',(#3286));
#3286 = SURFACE_STYLE_FILL_AREA(#3287);
#3287 = FILL_AREA_STYLE('',(#3288));
#3288 = FILL_AREA_STYLE_COLOUR('',#3225);
#3289 = STYLED_ITEM('color',(#3290),#518);
#3290 = PRESENTATION_STYLE_ASSIGNMENT((#3291));
#3291 = SURFACE_STYLE_USAGE(.BOTH.,#3292);
#3292 = SURFACE_SIDE_STYLE('',(#3293));
#3293 = SURFACE_STYLE_FILL_AREA(#3294);
#3294 = FILL_AREA_STYLE('',(#3295));
#3295 = FILL_AREA_STYLE_COLOUR('',#3225);
#3296 = STYLED_ITEM('color',(#3297),#535);
#3297 = PRESENTATION_STYLE_ASSIGNMENT((#3298));
#3298 = SURFACE_STYLE_USAGE(.BOTH.,#3299);
#3299 = SURFACE_SIDE_STYLE('',(#3300));
#3300 = SURFACE_STYLE_FILL_AREA(#3301);
#3301 = FILL_AREA_STYLE('',(#3302));
#3302 = FILL_AREA_STYLE_COLOUR('',#3225);
#3303 = STYLED_ITEM('color',(#3304),#559);
#3304 = PRESENTATION_STYLE_ASSIGNMENT((#3305));
#3305 = SURFACE_STYLE_USAGE(.BOTH.,#3306);
#3306 = SURFACE_SIDE_STYLE('',(#3307));
#3307 = SURFACE_STYLE_FILL_AREA(#3308);
#3308 = FILL_AREA_STYLE('',(#3309));
#3309 = FILL_AREA_STYLE_COLOUR('',#3225);
#3310 = STYLED_ITEM('color',(#3311),#576);
#3311 = PRESENTATION_STYLE_ASSIGNMENT((#3312));
#3312 = SURFACE_STYLE_USAGE(.BOTH.,#3313);
#3313 = SURFACE_SIDE_STYLE('',(#3314));
#3314 = SURFACE_STYLE_FILL_AREA(#3315);
#3315 = FILL_AREA_STYLE('',(#3316));
#3316 = FILL_AREA_STYLE_COLOUR('',#3225);
#3317 = STYLED_ITEM('color',(#3318),#714);
#3318 = PRESENTATION_STYLE_ASSIGNMENT((#3319));
#3319 = SURFACE_STYLE_USAGE(.BOTH.,#3320);
#3320 = SURFACE_SIDE_STYLE('',(#3321));
#3321 = SURFACE_STYLE_FILL_AREA(#3322);
#3322 = FILL_AREA_STYLE('',(#3323));
#3323 = FILL_AREA_STYLE_COLOUR('',#3225);
#3324 = STYLED_ITEM('color',(#3325),#738);
#3325 = PRESENTATION_STYLE_ASSIGNMENT((#3326));
#3326 = SURFACE_STYLE_USAGE(.BOTH.,#3327);
#3327 = SURFACE_SIDE_STYLE('',(#3328));
#3328 = SURFACE_STYLE_FILL_AREA(#3329);
#3329 = FILL_AREA_STYLE('',(#3330));
#3330 = FILL_AREA_STYLE_COLOUR('',#3225);
#3331 = STYLED_ITEM('color',(#3332),#908);
#3332 = PRESENTATION_STYLE_ASSIGNMENT((#3333));
#3333 = SURFACE_STYLE_USAGE(.BOTH.,#3334);
#3334 = SURFACE_SIDE_STYLE('',(#3335));
#3335 = SURFACE_STYLE_FILL_AREA(#3336);
#3336 = FILL_AREA_STYLE('',(#3337));
#3337 = FILL_AREA_STYLE_COLOUR('',#3225);
#3338 = STYLED_ITEM('color',(#3339),#932);
#3339 = PRESENTATION_STYLE_ASSIGNMENT((#3340));
#3340 = SURFACE_STYLE_USAGE(.BOTH.,#3341);
#3341 = SURFACE_SIDE_STYLE('',(#3342));
#3342 = SURFACE_STYLE_FILL_AREA(#3343);
#3343 = FILL_AREA_STYLE('',(#3344));
#3344 = FILL_AREA_STYLE_COLOUR('',#3225);
#3345 = STYLED_ITEM('color',(#3346),#965);
#3346 = PRESENTATION_STYLE_ASSIGNMENT((#3347));
#3347 = SURFACE_STYLE_USAGE(.BOTH.,#3348);
#3348 = SURFACE_SIDE_STYLE('',(#3349));
#3349 = SURFACE_STYLE_FILL_AREA(#3350);
#3350 = FILL_AREA_STYLE('',(#3351));
#3351 = FILL_AREA_STYLE_COLOUR('',#3225);
#3352 = STYLED_ITEM('color',(#3353),#989);
#3353 = PRESENTATION_STYLE_ASSIGNMENT((#3354));
#3354 = SURFACE_STYLE_USAGE(.BOTH.,#3355);
#3355 = SURFACE_SIDE_STYLE('',(#3356));
#3356 = SURFACE_STYLE_FILL_AREA(#3357);
#3357 = FILL_AREA_STYLE('',(#3358));
#3358 = FILL_AREA_STYLE_COLOUR('',#3225);
#3359 = STYLED_ITEM('color',(#3360),#1020);
#3360 = PRESENTATION_STYLE_ASSIGNMENT((#3361));
#3361 = SURFACE_STYLE_USAGE(.BOTH.,#3362);
#3362 = SURFACE_SIDE_STYLE('',(#3363));
#3363 = SURFACE_STYLE_FILL_AREA(#3364);
#3364 = FILL_AREA_STYLE('',(#3365));
#3365 = FILL_AREA_STYLE_COLOUR('',#3225);
#3366 = STYLED_ITEM('color',(#3367),#1037);
#3367 = PRESENTATION_STYLE_ASSIGNMENT((#3368));
#3368 = SURFACE_STYLE_USAGE(.BOTH.,#3369);
#3369 = SURFACE_SIDE_STYLE('',(#3370));
#3370 = SURFACE_STYLE_FILL_AREA(#3371);
#3371 = FILL_AREA_STYLE('',(#3372));
#3372 = FILL_AREA_STYLE_COLOUR('',#3225);
#3373 = STYLED_ITEM('color',(#3374),#1070);
#3374 = PRESENTATION_STYLE_ASSIGNMENT((#3375));
#3375 = SURFACE_STYLE_USAGE(.BOTH.,#3376);
#3376 = SURFACE_SIDE_STYLE('',(#3377));
#3377 = SURFACE_STYLE_FILL_AREA(#3378);
#3378 = FILL_AREA_STYLE('',(#3379));
#3379 = FILL_AREA_STYLE_COLOUR('',#3225);
#3380 = STYLED_ITEM('color',(#3381),#1094);
#3381 = PRESENTATION_STYLE_ASSIGNMENT((#3382));
#3382 = SURFACE_STYLE_USAGE(.BOTH.,#3383);
#3383 = SURFACE_SIDE_STYLE('',(#3384));
#3384 = SURFACE_STYLE_FILL_AREA(#3385);
#3385 = FILL_AREA_STYLE('',(#3386));
#3386 = FILL_AREA_STYLE_COLOUR('',#3225);
#3387 = STYLED_ITEM('color',(#3388),#1125);
#3388 = PRESENTATION_STYLE_ASSIGNMENT((#3389));
#3389 = SURFACE_STYLE_USAGE(.BOTH.,#3390);
#3390 = SURFACE_SIDE_STYLE('',(#3391));
#3391 = SURFACE_STYLE_FILL_AREA(#3392);
#3392 = FILL_AREA_STYLE('',(#3393));
#3393 = FILL_AREA_STYLE_COLOUR('',#3225);
#3394 = STYLED_ITEM('color',(#3395),#1137);
#3395 = PRESENTATION_STYLE_ASSIGNMENT((#3396));
#3396 = SURFACE_STYLE_USAGE(.BOTH.,#3397);
#3397 = SURFACE_SIDE_STYLE('',(#3398));
#3398 = SURFACE_STYLE_FILL_AREA(#3399);
#3399 = FILL_AREA_STYLE('',(#3400));
#3400 = FILL_AREA_STYLE_COLOUR('',#3225);
#3401 = STYLED_ITEM('color',(#3402),#1170);
#3402 = PRESENTATION_STYLE_ASSIGNMENT((#3403));
#3403 = SURFACE_STYLE_USAGE(.BOTH.,#3404);
#3404 = SURFACE_SIDE_STYLE('',(#3405));
#3405 = SURFACE_STYLE_FILL_AREA(#3406);
#3406 = FILL_AREA_STYLE('',(#3407));
#3407 = FILL_AREA_STYLE_COLOUR('',#3225);
#3408 = STYLED_ITEM('color',(#3409),#1187);
#3409 = PRESENTATION_STYLE_ASSIGNMENT((#3410));
#3410 = SURFACE_STYLE_USAGE(.BOTH.,#3411);
#3411 = SURFACE_SIDE_STYLE('',(#3412));
#3412 = SURFACE_STYLE_FILL_AREA(#3413);
#3413 = FILL_AREA_STYLE('',(#3414));
#3414 = FILL_AREA_STYLE_COLOUR('',#3225);
#3415 = STYLED_ITEM('color',(#3416),#1204);
#3416 = PRESENTATION_STYLE_ASSIGNMENT((#3417));
#3417 = SURFACE_STYLE_USAGE(.BOTH.,#3418);
#3418 = SURFACE_SIDE_STYLE('',(#3419));
#3419 = SURFACE_STYLE_FILL_AREA(#3420);
#3420 = FILL_AREA_STYLE('',(#3421));
#3421 = FILL_AREA_STYLE_COLOUR('',#3225);
#3422 = STYLED_ITEM('color',(#3423),#1216);
#3423 = PRESENTATION_STYLE_ASSIGNMENT((#3424));
#3424 = SURFACE_STYLE_USAGE(.BOTH.,#3425);
#3425 = SURFACE_SIDE_STYLE('',(#3426));
#3426 = SURFACE_STYLE_FILL_AREA(#3427);
#3427 = FILL_AREA_STYLE('',(#3428));
#3428 = FILL_AREA_STYLE_COLOUR('',#3225);
#3429 = STYLED_ITEM('color',(#3430),#1296);
#3430 = PRESENTATION_STYLE_ASSIGNMENT((#3431));
#3431 = SURFACE_STYLE_USAGE(.BOTH.,#3432);
#3432 = SURFACE_SIDE_STYLE('',(#3433));
#3433 = SURFACE_STYLE_FILL_AREA(#3434);
#3434 = FILL_AREA_STYLE('',(#3435));
#3435 = FILL_AREA_STYLE_COLOUR('',#3225);
#3436 = STYLED_ITEM('color',(#3437),#1313);
#3437 = PRESENTATION_STYLE_ASSIGNMENT((#3438));
#3438 = SURFACE_STYLE_USAGE(.BOTH.,#3439);
#3439 = SURFACE_SIDE_STYLE('',(#3440));
#3440 = SURFACE_STYLE_FILL_AREA(#3441);
#3441 = FILL_AREA_STYLE('',(#3442));
#3442 = FILL_AREA_STYLE_COLOUR('',#3225);
#3443 = STYLED_ITEM('color',(#3444),#1330);
#3444 = PRESENTATION_STYLE_ASSIGNMENT((#3445));
#3445 = SURFACE_STYLE_USAGE(.BOTH.,#3446);
#3446 = SURFACE_SIDE_STYLE('',(#3447));
#3447 = SURFACE_STYLE_FILL_AREA(#3448);
#3448 = FILL_AREA_STYLE('',(#3449));
#3449 = FILL_AREA_STYLE_COLOUR('',#3225);
#3450 = STYLED_ITEM('color',(#3451),#1347);
#3451 = PRESENTATION_STYLE_ASSIGNMENT((#3452));
#3452 = SURFACE_STYLE_USAGE(.BOTH.,#3453);
#3453 = SURFACE_SIDE_STYLE('',(#3454));
#3454 = SURFACE_STYLE_FILL_AREA(#3455);
#3455 = FILL_AREA_STYLE('',(#3456));
#3456 = FILL_AREA_STYLE_COLOUR('',#3225);
#3457 = STYLED_ITEM('color',(#3458),#1364);
#3458 = PRESENTATION_STYLE_ASSIGNMENT((#3459));
#3459 = SURFACE_STYLE_USAGE(.BOTH.,#3460);
#3460 = SURFACE_SIDE_STYLE('',(#3461));
#3461 = SURFACE_STYLE_FILL_AREA(#3462);
#3462 = FILL_AREA_STYLE('',(#3463));
#3463 = FILL_AREA_STYLE_COLOUR('',#3225);
#3464 = STYLED_ITEM('color',(#3465),#1381);
#3465 = PRESENTATION_STYLE_ASSIGNMENT((#3466));
#3466 = SURFACE_STYLE_USAGE(.BOTH.,#3467);
#3467 = SURFACE_SIDE_STYLE('',(#3468));
#3468 = SURFACE_STYLE_FILL_AREA(#3469);
#3469 = FILL_AREA_STYLE('',(#3470));
#3470 = FILL_AREA_STYLE_COLOUR('',#3225);
#3471 = STYLED_ITEM('color',(#3472),#1398);
#3472 = PRESENTATION_STYLE_ASSIGNMENT((#3473));
#3473 = SURFACE_STYLE_USAGE(.BOTH.,#3474);
#3474 = SURFACE_SIDE_STYLE('',(#3475));
#3475 = SURFACE_STYLE_FILL_AREA(#3476);
#3476 = FILL_AREA_STYLE('',(#3477));
#3477 = FILL_AREA_STYLE_COLOUR('',#3225);
#3478 = STYLED_ITEM('color',(#3479),#1415);
#3479 = PRESENTATION_STYLE_ASSIGNMENT((#3480));
#3480 = SURFACE_STYLE_USAGE(.BOTH.,#3481);
#3481 = SURFACE_SIDE_STYLE('',(#3482));
#3482 = SURFACE_STYLE_FILL_AREA(#3483);
#3483 = FILL_AREA_STYLE('',(#3484));
#3484 = FILL_AREA_STYLE_COLOUR('',#3225);
#3485 = STYLED_ITEM('color',(#3486),#1432);
#3486 = PRESENTATION_STYLE_ASSIGNMENT((#3487));
#3487 = SURFACE_STYLE_USAGE(.BOTH.,#3488);
#3488 = SURFACE_SIDE_STYLE('',(#3489));
#3489 = SURFACE_STYLE_FILL_AREA(#3490);
#3490 = FILL_AREA_STYLE('',(#3491));
#3491 = FILL_AREA_STYLE_COLOUR('',#3225);
#3492 = STYLED_ITEM('color',(#3493),#1449);
#3493 = PRESENTATION_STYLE_ASSIGNMENT((#3494));
#3494 = SURFACE_STYLE_USAGE(.BOTH.,#3495);
#3495 = SURFACE_SIDE_STYLE('',(#3496));
#3496 = SURFACE_STYLE_FILL_AREA(#3497);
#3497 = FILL_AREA_STYLE('',(#3498));
#3498 = FILL_AREA_STYLE_COLOUR('',#3225);
#3499 = STYLED_ITEM('color',(#3500),#1466);
#3500 = PRESENTATION_STYLE_ASSIGNMENT((#3501));
#3501 = SURFACE_STYLE_USAGE(.BOTH.,#3502);
#3502 = SURFACE_SIDE_STYLE('',(#3503));
#3503 = SURFACE_STYLE_FILL_AREA(#3504);
#3504 = FILL_AREA_STYLE('',(#3505));
#3505 = FILL_AREA_STYLE_COLOUR('',#3225);
#3506 = STYLED_ITEM('color',(#3507),#1478);
#3507 = PRESENTATION_STYLE_ASSIGNMENT((#3508));
#3508 = SURFACE_STYLE_USAGE(.BOTH.,#3509);
#3509 = SURFACE_SIDE_STYLE('',(#3510));
#3510 = SURFACE_STYLE_FILL_AREA(#3511);
#3511 = FILL_AREA_STYLE('',(#3512));
#3512 = FILL_AREA_STYLE_COLOUR('',#3225);
#3513 = STYLED_ITEM('color',(#3514),#1495);
#3514 = PRESENTATION_STYLE_ASSIGNMENT((#3515));
#3515 = SURFACE_STYLE_USAGE(.BOTH.,#3516);
#3516 = SURFACE_SIDE_STYLE('',(#3517));
#3517 = SURFACE_STYLE_FILL_AREA(#3518);
#3518 = FILL_AREA_STYLE('',(#3519));
#3519 = FILL_AREA_STYLE_COLOUR('',#3225);
#3520 = STYLED_ITEM('color',(#3521),#1512);
#3521 = PRESENTATION_STYLE_ASSIGNMENT((#3522));
#3522 = SURFACE_STYLE_USAGE(.BOTH.,#3523);
#3523 = SURFACE_SIDE_STYLE('',(#3524));
#3524 = SURFACE_STYLE_FILL_AREA(#3525);
#3525 = FILL_AREA_STYLE('',(#3526));
#3526 = FILL_AREA_STYLE_COLOUR('',#3225);
#3527 = STYLED_ITEM('color',(#3528),#1558);
#3528 = PRESENTATION_STYLE_ASSIGNMENT((#3529));
#3529 = SURFACE_STYLE_USAGE(.BOTH.,#3530);
#3530 = SURFACE_SIDE_STYLE('',(#3531));
#3531 = SURFACE_STYLE_FILL_AREA(#3532);
#3532 = FILL_AREA_STYLE('',(#3533));
#3533 = FILL_AREA_STYLE_COLOUR('',#3225);
#3534 = STYLED_ITEM('color',(#3535),#1604);
#3535 = PRESENTATION_STYLE_ASSIGNMENT((#3536));
#3536 = SURFACE_STYLE_USAGE(.BOTH.,#3537);
#3537 = SURFACE_SIDE_STYLE('',(#3538));
#3538 = SURFACE_STYLE_FILL_AREA(#3539);
#3539 = FILL_AREA_STYLE('',(#3540));
#3540 = FILL_AREA_STYLE_COLOUR('',#3541);
#3541 = COLOUR_RGB('',0.823529417451,0.819607860991,0.780392170416);
#3542 = STYLED_ITEM('color',(#3543),#1635);
#3543 = PRESENTATION_STYLE_ASSIGNMENT((#3544));
#3544 = SURFACE_STYLE_USAGE(.BOTH.,#3545);
#3545 = SURFACE_SIDE_STYLE('',(#3546));
#3546 = SURFACE_STYLE_FILL_AREA(#3547);
#3547 = FILL_AREA_STYLE('',(#3548));
#3548 = FILL_AREA_STYLE_COLOUR('',#3541);
#3549 = STYLED_ITEM('color',(#3550),#1659);
#3550 = PRESENTATION_STYLE_ASSIGNMENT((#3551));
#3551 = SURFACE_STYLE_USAGE(.BOTH.,#3552);
#3552 = SURFACE_SIDE_STYLE('',(#3553));
#3553 = SURFACE_STYLE_FILL_AREA(#3554);
#3554 = FILL_AREA_STYLE('',(#3555));
#3555 = FILL_AREA_STYLE_COLOUR('',#3541);
#3556 = STYLED_ITEM('color',(#3557),#1683);
#3557 = PRESENTATION_STYLE_ASSIGNMENT((#3558));
#3558 = SURFACE_STYLE_USAGE(.BOTH.,#3559);
#3559 = SURFACE_SIDE_STYLE('',(#3560));
#3560 = SURFACE_STYLE_FILL_AREA(#3561);
#3561 = FILL_AREA_STYLE('',(#3562));
#3562 = FILL_AREA_STYLE_COLOUR('',#3541);
#3563 = STYLED_ITEM('color',(#3564),#1700);
#3564 = PRESENTATION_STYLE_ASSIGNMENT((#3565));
#3565 = SURFACE_STYLE_USAGE(.BOTH.,#3566);
#3566 = SURFACE_SIDE_STYLE('',(#3567));
#3567 = SURFACE_STYLE_FILL_AREA(#3568);
#3568 = FILL_AREA_STYLE('',(#3569));
#3569 = FILL_AREA_STYLE_COLOUR('',#3541);
#3570 = STYLED_ITEM('color',(#3571),#1731);
#3571 = PRESENTATION_STYLE_ASSIGNMENT((#3572));
#3572 = SURFACE_STYLE_USAGE(.BOTH.,#3573);
#3573 = SURFACE_SIDE_STYLE('',(#3574));
#3574 = SURFACE_STYLE_FILL_AREA(#3575);
#3575 = FILL_AREA_STYLE('',(#3576));
#3576 = FILL_AREA_STYLE_COLOUR('',#3541);
#3577 = STYLED_ITEM('color',(#3578),#1755);
#3578 = PRESENTATION_STYLE_ASSIGNMENT((#3579));
#3579 = SURFACE_STYLE_USAGE(.BOTH.,#3580);
#3580 = SURFACE_SIDE_STYLE('',(#3581));
#3581 = SURFACE_STYLE_FILL_AREA(#3582);
#3582 = FILL_AREA_STYLE('',(#3583));
#3583 = FILL_AREA_STYLE_COLOUR('',#3541);
#3584 = STYLED_ITEM('color',(#3585),#1779);
#3585 = PRESENTATION_STYLE_ASSIGNMENT((#3586));
#3586 = SURFACE_STYLE_USAGE(.BOTH.,#3587);
#3587 = SURFACE_SIDE_STYLE('',(#3588));
#3588 = SURFACE_STYLE_FILL_AREA(#3589);
#3589 = FILL_AREA_STYLE('',(#3590));
#3590 = FILL_AREA_STYLE_COLOUR('',#3541);
#3591 = STYLED_ITEM('color',(#3592),#1796);
#3592 = PRESENTATION_STYLE_ASSIGNMENT((#3593));
#3593 = SURFACE_STYLE_USAGE(.BOTH.,#3594);
#3594 = SURFACE_SIDE_STYLE('',(#3595));
#3595 = SURFACE_STYLE_FILL_AREA(#3596);
#3596 = FILL_AREA_STYLE('',(#3597));
#3597 = FILL_AREA_STYLE_COLOUR('',#3541);
#3598 = STYLED_ITEM('color',(#3599),#1859);
#3599 = PRESENTATION_STYLE_ASSIGNMENT((#3600));
#3600 = SURFACE_STYLE_USAGE(.BOTH.,#3601);
#3601 = SURFACE_SIDE_STYLE('',(#3602));
#3602 = SURFACE_STYLE_FILL_AREA(#3603);
#3603 = FILL_AREA_STYLE('',(#3604));
#3604 = FILL_AREA_STYLE_COLOUR('',#3541);
#3605 = STYLED_ITEM('color',(#3606),#1883);
#3606 = PRESENTATION_STYLE_ASSIGNMENT((#3607));
#3607 = SURFACE_STYLE_USAGE(.BOTH.,#3608);
#3608 = SURFACE_SIDE_STYLE('',(#3609));
#3609 = SURFACE_STYLE_FILL_AREA(#3610);
#3610 = FILL_AREA_STYLE('',(#3611));
#3611 = FILL_AREA_STYLE_COLOUR('',#3541);
#3612 = STYLED_ITEM('color',(#3613),#1939);
#3613 = PRESENTATION_STYLE_ASSIGNMENT((#3614));
#3614 = SURFACE_STYLE_USAGE(.BOTH.,#3615);
#3615 = SURFACE_SIDE_STYLE('',(#3616));
#3616 = SURFACE_STYLE_FILL_AREA(#3617);
#3617 = FILL_AREA_STYLE('',(#3618));
#3618 = FILL_AREA_STYLE_COLOUR('',#3541);
#3619 = STYLED_ITEM('color',(#3620),#1956);
#3620 = PRESENTATION_STYLE_ASSIGNMENT((#3621));
#3621 = SURFACE_STYLE_USAGE(.BOTH.,#3622);
#3622 = SURFACE_SIDE_STYLE('',(#3623));
#3623 = SURFACE_STYLE_FILL_AREA(#3624);
#3624 = FILL_AREA_STYLE('',(#3625));
#3625 = FILL_AREA_STYLE_COLOUR('',#3541);
#3626 = STYLED_ITEM('color',(#3627),#2019);
#3627 = PRESENTATION_STYLE_ASSIGNMENT((#3628));
#3628 = SURFACE_STYLE_USAGE(.BOTH.,#3629);
#3629 = SURFACE_SIDE_STYLE('',(#3630));
#3630 = SURFACE_STYLE_FILL_AREA(#3631);
#3631 = FILL_AREA_STYLE('',(#3632));
#3632 = FILL_AREA_STYLE_COLOUR('',#3541);
#3633 = STYLED_ITEM('color',(#3634),#2043);
#3634 = PRESENTATION_STYLE_ASSIGNMENT((#3635));
#3635 = SURFACE_STYLE_USAGE(.BOTH.,#3636);
#3636 = SURFACE_SIDE_STYLE('',(#3637));
#3637 = SURFACE_STYLE_FILL_AREA(#3638);
#3638 = FILL_AREA_STYLE('',(#3639));
#3639 = FILL_AREA_STYLE_COLOUR('',#3541);
#3640 = STYLED_ITEM('color',(#3641),#2099);
#3641 = PRESENTATION_STYLE_ASSIGNMENT((#3642));
#3642 = SURFACE_STYLE_USAGE(.BOTH.,#3643);
#3643 = SURFACE_SIDE_STYLE('',(#3644));
#3644 = SURFACE_STYLE_FILL_AREA(#3645);
#3645 = FILL_AREA_STYLE('',(#3646));
#3646 = FILL_AREA_STYLE_COLOUR('',#3541);
#3647 = STYLED_ITEM('color',(#3648),#2116);
#3648 = PRESENTATION_STYLE_ASSIGNMENT((#3649));
#3649 = SURFACE_STYLE_USAGE(.BOTH.,#3650);
#3650 = SURFACE_SIDE_STYLE('',(#3651));
#3651 = SURFACE_STYLE_FILL_AREA(#3652);
#3652 = FILL_AREA_STYLE('',(#3653));
#3653 = FILL_AREA_STYLE_COLOUR('',#3541);
#3654 = STYLED_ITEM('color',(#3655),#2147);
#3655 = PRESENTATION_STYLE_ASSIGNMENT((#3656));
#3656 = SURFACE_STYLE_USAGE(.BOTH.,#3657);
#3657 = SURFACE_SIDE_STYLE('',(#3658));
#3658 = SURFACE_STYLE_FILL_AREA(#3659);
#3659 = FILL_AREA_STYLE('',(#3660));
#3660 = FILL_AREA_STYLE_COLOUR('',#3541);
#3661 = STYLED_ITEM('color',(#3662),#2171);
#3662 = PRESENTATION_STYLE_ASSIGNMENT((#3663));
#3663 = SURFACE_STYLE_USAGE(.BOTH.,#3664);
#3664 = SURFACE_SIDE_STYLE('',(#3665));
#3665 = SURFACE_STYLE_FILL_AREA(#3666);
#3666 = FILL_AREA_STYLE('',(#3667));
#3667 = FILL_AREA_STYLE_COLOUR('',#3541);
#3668 = STYLED_ITEM('color',(#3669),#2195);
#3669 = PRESENTATION_STYLE_ASSIGNMENT((#3670));
#3670 = SURFACE_STYLE_USAGE(.BOTH.,#3671);
#3671 = SURFACE_SIDE_STYLE('',(#3672));
#3672 = SURFACE_STYLE_FILL_AREA(#3673);
#3673 = FILL_AREA_STYLE('',(#3674));
#3674 = FILL_AREA_STYLE_COLOUR('',#3541);
#3675 = STYLED_ITEM('color',(#3676),#2212);
#3676 = PRESENTATION_STYLE_ASSIGNMENT((#3677));
#3677 = SURFACE_STYLE_USAGE(.BOTH.,#3678);
#3678 = SURFACE_SIDE_STYLE('',(#3679));
#3679 = SURFACE_STYLE_FILL_AREA(#3680);
#3680 = FILL_AREA_STYLE('',(#3681));
#3681 = FILL_AREA_STYLE_COLOUR('',#3541);
#3682 = STYLED_ITEM('color',(#3683),#2243);
#3683 = PRESENTATION_STYLE_ASSIGNMENT((#3684));
#3684 = SURFACE_STYLE_USAGE(.BOTH.,#3685);
#3685 = SURFACE_SIDE_STYLE('',(#3686));
#3686 = SURFACE_STYLE_FILL_AREA(#3687);
#3687 = FILL_AREA_STYLE('',(#3688));
#3688 = FILL_AREA_STYLE_COLOUR('',#3541);
#3689 = STYLED_ITEM('color',(#3690),#2267);
#3690 = PRESENTATION_STYLE_ASSIGNMENT((#3691));
#3691 = SURFACE_STYLE_USAGE(.BOTH.,#3692);
#3692 = SURFACE_SIDE_STYLE('',(#3693));
#3693 = SURFACE_STYLE_FILL_AREA(#3694);
#3694 = FILL_AREA_STYLE('',(#3695));
#3695 = FILL_AREA_STYLE_COLOUR('',#3541);
#3696 = STYLED_ITEM('color',(#3697),#2291);
#3697 = PRESENTATION_STYLE_ASSIGNMENT((#3698));
#3698 = SURFACE_STYLE_USAGE(.BOTH.,#3699);
#3699 = SURFACE_SIDE_STYLE('',(#3700));
#3700 = SURFACE_STYLE_FILL_AREA(#3701);
#3701 = FILL_AREA_STYLE('',(#3702));
#3702 = FILL_AREA_STYLE_COLOUR('',#3541);
#3703 = STYLED_ITEM('color',(#3704),#2308);
#3704 = PRESENTATION_STYLE_ASSIGNMENT((#3705));
#3705 = SURFACE_STYLE_USAGE(.BOTH.,#3706);
#3706 = SURFACE_SIDE_STYLE('',(#3707));
#3707 = SURFACE_STYLE_FILL_AREA(#3708);
#3708 = FILL_AREA_STYLE('',(#3709));
#3709 = FILL_AREA_STYLE_COLOUR('',#3541);
#3710 = STYLED_ITEM('color',(#3711),#2355);
#3711 = PRESENTATION_STYLE_ASSIGNMENT((#3712));
#3712 = SURFACE_STYLE_USAGE(.BOTH.,#3713);
#3713 = SURFACE_SIDE_STYLE('',(#3714));
#3714 = SURFACE_STYLE_FILL_AREA(#3715);
#3715 = FILL_AREA_STYLE('',(#3716));
#3716 = FILL_AREA_STYLE_COLOUR('',#3541);
#3717 = STYLED_ITEM('color',(#3718),#2386);
#3718 = PRESENTATION_STYLE_ASSIGNMENT((#3719));
#3719 = SURFACE_STYLE_USAGE(.BOTH.,#3720);
#3720 = SURFACE_SIDE_STYLE('',(#3721));
#3721 = SURFACE_STYLE_FILL_AREA(#3722);
#3722 = FILL_AREA_STYLE('',(#3723));
#3723 = FILL_AREA_STYLE_COLOUR('',#3541);
#3724 = STYLED_ITEM('color',(#3725),#2398);
#3725 = PRESENTATION_STYLE_ASSIGNMENT((#3726));
#3726 = SURFACE_STYLE_USAGE(.BOTH.,#3727);
#3727 = SURFACE_SIDE_STYLE('',(#3728));
#3728 = SURFACE_STYLE_FILL_AREA(#3729);
#3729 = FILL_AREA_STYLE('',(#3730));
#3730 = FILL_AREA_STYLE_COLOUR('',#3541);
#3731 = STYLED_ITEM('color',(#3732),#2415);
#3732 = PRESENTATION_STYLE_ASSIGNMENT((#3733));
#3733 = SURFACE_STYLE_USAGE(.BOTH.,#3734);
#3734 = SURFACE_SIDE_STYLE('',(#3735));
#3735 = SURFACE_STYLE_FILL_AREA(#3736);
#3736 = FILL_AREA_STYLE('',(#3737));
#3737 = FILL_AREA_STYLE_COLOUR('',#3541);
#3738 = STYLED_ITEM('color',(#3739),#2441);
#3739 = PRESENTATION_STYLE_ASSIGNMENT((#3740));
#3740 = SURFACE_STYLE_USAGE(.BOTH.,#3741);
#3741 = SURFACE_SIDE_STYLE('',(#3742));
#3742 = SURFACE_STYLE_FILL_AREA(#3743);
#3743 = FILL_AREA_STYLE('',(#3744));
#3744 = FILL_AREA_STYLE_COLOUR('',#3541);
#3745 = STYLED_ITEM('color',(#3746),#2474);
#3746 = PRESENTATION_STYLE_ASSIGNMENT((#3747));
#3747 = SURFACE_STYLE_USAGE(.BOTH.,#3748);
#3748 = SURFACE_SIDE_STYLE('',(#3749));
#3749 = SURFACE_STYLE_FILL_AREA(#3750);
#3750 = FILL_AREA_STYLE('',(#3751));
#3751 = FILL_AREA_STYLE_COLOUR('',#3541);
#3752 = STYLED_ITEM('color',(#3753),#2521);
#3753 = PRESENTATION_STYLE_ASSIGNMENT((#3754));
#3754 = SURFACE_STYLE_USAGE(.BOTH.,#3755);
#3755 = SURFACE_SIDE_STYLE('',(#3756));
#3756 = SURFACE_STYLE_FILL_AREA(#3757);
#3757 = FILL_AREA_STYLE('',(#3758));
#3758 = FILL_AREA_STYLE_COLOUR('',#3541);
#3759 = STYLED_ITEM('color',(#3760),#2552);
#3760 = PRESENTATION_STYLE_ASSIGNMENT((#3761));
#3761 = SURFACE_STYLE_USAGE(.BOTH.,#3762);
#3762 = SURFACE_SIDE_STYLE('',(#3763));
#3763 = SURFACE_STYLE_FILL_AREA(#3764);
#3764 = FILL_AREA_STYLE('',(#3765));
#3765 = FILL_AREA_STYLE_COLOUR('',#3541);
#3766 = STYLED_ITEM('color',(#3767),#2564);
#3767 = PRESENTATION_STYLE_ASSIGNMENT((#3768));
#3768 = SURFACE_STYLE_USAGE(.BOTH.,#3769);
#3769 = SURFACE_SIDE_STYLE('',(#3770));
#3770 = SURFACE_STYLE_FILL_AREA(#3771);
#3771 = FILL_AREA_STYLE('',(#3772));
#3772 = FILL_AREA_STYLE_COLOUR('',#3541);
#3773 = STYLED_ITEM('color',(#3774),#2581);
#3774 = PRESENTATION_STYLE_ASSIGNMENT((#3775));
#3775 = SURFACE_STYLE_USAGE(.BOTH.,#3776);
#3776 = SURFACE_SIDE_STYLE('',(#3777));
#3777 = SURFACE_STYLE_FILL_AREA(#3778);
#3778 = FILL_AREA_STYLE('',(#3779));
#3779 = FILL_AREA_STYLE_COLOUR('',#3541);
#3780 = STYLED_ITEM('color',(#3781),#2607);
#3781 = PRESENTATION_STYLE_ASSIGNMENT((#3782));
#3782 = SURFACE_STYLE_USAGE(.BOTH.,#3783);
#3783 = SURFACE_SIDE_STYLE('',(#3784));
#3784 = SURFACE_STYLE_FILL_AREA(#3785);
#3785 = FILL_AREA_STYLE('',(#3786));
#3786 = FILL_AREA_STYLE_COLOUR('',#3541);
#3787 = STYLED_ITEM('color',(#3788),#2640);
#3788 = PRESENTATION_STYLE_ASSIGNMENT((#3789));
#3789 = SURFACE_STYLE_USAGE(.BOTH.,#3790);
#3790 = SURFACE_SIDE_STYLE('',(#3791));
#3791 = SURFACE_STYLE_FILL_AREA(#3792);
#3792 = FILL_AREA_STYLE('',(#3793));
#3793 = FILL_AREA_STYLE_COLOUR('',#3541);
#3794 = STYLED_ITEM('color',(#3795),#2652);
#3795 = PRESENTATION_STYLE_ASSIGNMENT((#3796));
#3796 = SURFACE_STYLE_USAGE(.BOTH.,#3797);
#3797 = SURFACE_SIDE_STYLE('',(#3798));
#3798 = SURFACE_STYLE_FILL_AREA(#3799);
#3799 = FILL_AREA_STYLE('',(#3800));
#3800 = FILL_AREA_STYLE_COLOUR('',#3541);
#3801 = STYLED_ITEM('color',(#3802),#2664);
#3802 = PRESENTATION_STYLE_ASSIGNMENT((#3803));
#3803 = SURFACE_STYLE_USAGE(.BOTH.,#3804);
#3804 = SURFACE_SIDE_STYLE('',(#3805));
#3805 = SURFACE_STYLE_FILL_AREA(#3806);
#3806 = FILL_AREA_STYLE('',(#3807));
#3807 = FILL_AREA_STYLE_COLOUR('',#3541);
#3808 = STYLED_ITEM('color',(#3809),#2681);
#3809 = PRESENTATION_STYLE_ASSIGNMENT((#3810));
#3810 = SURFACE_STYLE_USAGE(.BOTH.,#3811);
#3811 = SURFACE_SIDE_STYLE('',(#3812));
#3812 = SURFACE_STYLE_FILL_AREA(#3813);
#3813 = FILL_AREA_STYLE('',(#3814));
#3814 = FILL_AREA_STYLE_COLOUR('',#3541);
#3815 = STYLED_ITEM('color',(#3816),#2698);
#3816 = PRESENTATION_STYLE_ASSIGNMENT((#3817));
#3817 = SURFACE_STYLE_USAGE(.BOTH.,#3818);
#3818 = SURFACE_SIDE_STYLE('',(#3819));
#3819 = SURFACE_STYLE_FILL_AREA(#3820);
#3820 = FILL_AREA_STYLE('',(#3821));
#3821 = FILL_AREA_STYLE_COLOUR('',#3541);
#3822 = STYLED_ITEM('color',(#3823),#2710);
#3823 = PRESENTATION_STYLE_ASSIGNMENT((#3824));
#3824 = SURFACE_STYLE_USAGE(.BOTH.,#3825);
#3825 = SURFACE_SIDE_STYLE('',(#3826));
#3826 = SURFACE_STYLE_FILL_AREA(#3827);
#3827 = FILL_AREA_STYLE('',(#3828));
#3828 = FILL_AREA_STYLE_COLOUR('',#3541);
#3829 = STYLED_ITEM('color',(#3830),#2727);
#3830 = PRESENTATION_STYLE_ASSIGNMENT((#3831));
#3831 = SURFACE_STYLE_USAGE(.BOTH.,#3832);
#3832 = SURFACE_SIDE_STYLE('',(#3833));
#3833 = SURFACE_STYLE_FILL_AREA(#3834);
#3834 = FILL_AREA_STYLE('',(#3835));
#3835 = FILL_AREA_STYLE_COLOUR('',#3541);
#3836 = STYLED_ITEM('color',(#3837),#2744);
#3837 = PRESENTATION_STYLE_ASSIGNMENT((#3838));
#3838 = SURFACE_STYLE_USAGE(.BOTH.,#3839);
#3839 = SURFACE_SIDE_STYLE('',(#3840));
#3840 = SURFACE_STYLE_FILL_AREA(#3841);
#3841 = FILL_AREA_STYLE('',(#3842));
#3842 = FILL_AREA_STYLE_COLOUR('',#3541);
ENDSEC;
END-ISO-10303-21;
